Type,x value,Weight
0,-1.0634170222065311,80485
0,1.0193244275082884,21276
0,-1.028506632792549,22217
0,-0.7960667215659991,296169
0,-0.13941639166993483,13195
0,-1.4028082656594456,15826
0,-2.371093220871821,12419
0,-1.3997312444325354,1040341
0,0.3144166864035905,35834
0,-1.4832306825843389,24257
0,-1.2847452457704358,69253
0,-1.511309238599381,120770
0,3.667317473754093,290784
0,0.9641208129601342,39087
0,1.3895057328346572,8929
0,1.6448890898751678,23650
0,-0.9552556557881754,20607
0,-1.2299638866974059,91916
0,-0.9919926214903854,15607
0,-1.3343015242806193,14917
0,1.519476087487602,4480
0,1.6059916522167006,28842
0,0.1301118270234814,16976
0,-1.3463863131593032,17237
0,-1.377183668459225,18373
0,1.6810655285296074,53674
0,-1.232520583479171,24673
0,-1.4353733941779723,53879
0,-1.2782654941106057,22735
0,30.330392220665868,26523
0,-1.1423183697192854,29593
0,2.4069070490683453,33675
0,0.9933365647662139,12364
0,21.58705458850382,11900
0,2.452184425449477,11150
0,1.3262701625475066,9775
0,-1.3078002434254008,54317
0,-0.7588670791984105,43914
0,7.242017887356316,24787
0,-1.5501797198349025,31953
0,-1.359813598314782,304352
0,2.6660479643034547,64047
0,-1.3697211213137142,72672
0,-1.4592666209880378,12301
0,-1.261703883152185,31209
0,-1.3232071030509716,52863
0,4.23182817783694,28743
0,-0.5799333936361529,32248
0,-1.3501803551376153,41365
0,-1.4547840584789231,31361
0,8.255059903796772,7754
0,-1.29754842503166,9934
0,-1.0428467155666488,7205
0,-0.7826205534255747,12591
0,0.41297482649282946,9845
0,9.06713057450112,36559
0,-1.2024503646644438,14977
0,-1.1753110134612914,23890
0,-1.0332869753114626,12562
0,15.2453544700181,2395
0,-1.3136979411262495,16973
0,-0.4709765772820823,16916
0,3.799247929924205,33849
0,-1.4968164029854802,27261
0,-0.9264195489290269,426379
0,1.4926232994434083,67569
0,-1.2575081749576829,62148
0,-1.1382593525717424,374441
0,1.0290731995510949,32144
0,0.7697091015490543,34609
0,-3.2036563871299375,15932
0,-1.1226966298644552,74537
0,-1.5432753549410627,6308
0,-1.56155311642389,97093
0,-1.354398566134226,215277
0,-1.2821438466599344,10742
0,-1.195683999794826,10868
0,-1.323947923099893,13342
0,-1.4104381232139465,10597
0,-0.7886942194326446,4733
0,-1.3019920682544341,194129
0,-1.237743411340244,15275
0,1.0360235611756257,17767
0,1.0,5989
0,-1.0667172210618092,44058
0,4.047045512197777,38381
0,-1.4485348713223016,5044
0,-1.328376926361626,15967
0,0.7838912651032677,36117
0,-1.151390036795964,223635
0,0.5713512953850008,81489
0,-1.483992117712608,13801
0,-1.0924942470774281,31753
0,-3.7152909243805503,7039
0,-0.5564165439200511,11465
0,1.3315480553812988,7376
0,-0.6153535049609204,6471
0,1.487332144419288,13323
0,-1.4642545268385696,63399
0,-0.8528489077928599,41686
0,-0.08837881103081356,29928
0,-0.8850653174444044,38267
0,4.118078616727059,20857
0,0.6311309568966453,89742
0,-1.464634355561878,14572
0,-1.22843798021226,92964
0,-0.5192221663822902,172810
0,-7.388015375817273,119269
0,-1.000788992863842,22705
0,-1.0612999305337316,21806
0,0.19202153215259035,17263
0,2.3193324258072074,8524
0,4.313200405300576,15020
0,0.4515471944776956,132259
0,1.0,3820
0,-0.6298149651675037,65378
0,0.9951723870348502,62575
0,0.9962165422351634,5678
0,-0.9798991616759934,12089
0,-0.9560153792455612,22349
0,-1.1491228295809388,6556
0,-1.2155387940943205,17400
0,-1.4295536947599063,35764
0,0.8286823904257961,13822
0,-1.2818039632341425,7127
0,-4.195449901701103,44053
0,5.548193841386755,30503
0,6.141821382871481,50634
0,-1.289528565207235,67637
0,-1.2025389880545103,42647
0,0.599172920440981,11856
0,2.1485877936668087,73949
0,1.6571790151358279,60960
0,-1.8151153246185596,24779
0,-0.19901866600849197,30875
0,-1.3509181830385142,13402
0,-1.370658303698062,22229
0,-0.5731395427115499,26703
0,0.5535145083433756,84868
0,-1.3792862496978584,85888
0,-0.01300854816317059,54626
0,-1.3169473354743133,190213
0,5.064692871679573,93454
0,-0.021415777194477296,23599
0,-1.225549350826685,32496
0,0.9075608059052694,17300
0,-1.158824245717769,7666
0,0.3377205543030033,15962
0,7.755042665224406,7578
0,26.466448455899464,28701
0,5.052327417404437,16193
0,-0.3726524787732705,26808
0,-1.353668427554991,27255
0,-0.009975183355046815,55003
0,-2.4512436836068603,8325
0,2.4115313187897622,9050
0,-1.6997245694128427,26475
0,0.8683043838864798,13845
0,-0.09103331133375162,22492
0,-0.015378087751882968,9271
0,0.6632778090423399,23984
0,-0.05793461614214478,15007
0,-1.3599977186679968,16697
0,1.770868436032982,5833
0,-1.259694670607944,26117
0,-0.34875437258524716,23002
0,-0.9610549838046414,42870
0,1.0518431057932913,99414
0,5.527830732327076,34605
0,3.4434643360689106,7303
0,-0.334185468156368,12543
0,0.10213595856583363,10504
0,-1.2078808718045326,5753
0,-1.067129557740711,9250
0,2.4963859561586386,15661
0,-1.188329504977707,21789
0,-1.253666987111271,8035
0,5.512016794216048,357516
0,-1.1756196416222155,535515
0,2.090756620924118,63872
0,5.75879342141212,53909
0,-1.255576628161338,202221
0,-1.2803892183529921,127503
0,19.899114236031313,768322
0,-1.2839369393084565,44827
0,-1.3021746693704916,137150
0,-1.2156244266447658,1186796
0,-1.305482120214709,204573
0,-1.2058262060950078,392650
0,-1.4252898560273561,167501
0,3.8918287327455485,48241
0,-1.4183429742032052,42711
0,16.218014628374856,609439
0,-1.8201849100142846,141298
0,-1.2763520976341434,309320
0,-1.218417908541526,68372
0,0.01563496536656209,36836
0,1.0638489125503758,281570
0,-1.286616749179412,40819
0,4.468018499608499,420626
0,-1.2538026662748212,77823
0,-1.220687654022678,475836
0,-1.2941612386743815,178041
0,-1.3696061326176046,41227
0,-1.178620992370546,36225
0,-1.44063791175677,496821
0,0.8246991329383826,41072
0,-1.468261331666542,5370
0,-1.2365842100179134,96923
0,-1.1849958453510205,164476
0,1.305371338513554,38330
0,2.561849931859331,334590
0,-2.266861267311952,83797
0,1.0726623740422938,216753
0,1.4944085114938734,61768
0,3.3740899087268095,49528
0,-2.176130604213827,132606
0,-1.2713486038742194,46171
0,2.309374086691005,109836
0,2.0721781974273314,111689
0,-1.172350222078493,45076
0,-1.248328828847682,123571
0,-1.3520222140399527,36213
0,3.443562141876664,89281
0,2.2723640662251894,40220
0,1.9192293273537198,143173
0,-1.3014533574799045,134320
0,-0.18043830255634274,62398
0,4.2180105528355165,74603
0,-1.211225536228408,266403
0,-1.5602597604008253,260537
0,4.157866329872885,32036
0,0.6535131387372396,6099
0,-1.3092874762845703,90811
0,-1.2955440362464656,27728
0,-0.2786360032630795,5124
0,-1.2039805113690474,85853
0,-1.3430304255983652,34990
0,0.05194178646868354,17355
0,0.29206857362611566,24306
0,-0.18591758951982418,14839
0,-0.4267200469219474,17273
0,-1.3728059456020811,56611
0,-1.1886708988586077,1454290
0,2.3077034605263425,75718
0,-1.3250078853222402,34447
0,5.017322360359874,27805
0,-1.4069711592293233,289508
0,39.90901697001912,116589
0,-1.2763546997122233,435577
0,-1.282515518384486,75842
0,-1.4331094999864253,84524
0,-1.2224331056642677,1265067
0,-1.294524277667459,784515
0,6.613823524078989,45133
0,-1.3199432632719408,37239
0,-1.3864157725133095,193679
0,-1.4175905835981055,28692
0,13.96347903610681,56833
0,-1.3872546155604508,55182
0,-1.2573793843617873,72734
0,-1.302870047820506,35707
0,-1.1670104956343996,65572
0,-1.0331272617564504,32984
0,5.284327743137946,23649
0,-1.5548555744894235,28504
0,2.7895774786631704,47752
0,-1.2855264993665985,59102
0,-1.3186165862325536,118907
0,-1.2884174648036524,523431
0,3.1796762388230086,348796
0,-1.2651661045795402,367326
0,-0.587086144208144,111965
0,-1.391270065000408,50409
0,-1.1968515950792251,91425
0,1.7526210741686221,38452
0,10.577290719676778,98683
0,-1.659451965882166,44250
0,-1.2891120613253042,1118712
0,1.782812242374654,34286
0,6.785896092320407,50051
0,1.0412362280546947,535339
0,-1.2857553342603443,36836
0,-1.2010597734470099,37368
0,-1.2810372997469153,60452
0,-1.2491531001867218,235361
0,-1.461894120191428,201169
0,-1.2443920370148693,11895
0,-1.6599204284406548,19561
0,-1.0451270944878792,54427
0,1.2626071644155374,15662
0,-1.285094852737754,160119
0,-1.151174540207802,61529
0,-1.4670400583889174,141535
0,-1.2364587114122612,226664
0,-0.9070463058569128,60392
0,-1.3160785587720392,29923
0,8.697476254297843,168976
0,0.09649192150912789,41500
0,-1.2819548035850534,104447
0,-1.3503262393866706,102350
0,-1.3768425358815672,42382
0,-1.210443155910033,208878
0,-1.474224280016745,39716
0,-1.3733752984245489,70763
0,2.682557499067005,150309
0,6.007777785664091,41227
0,-1.377090936442435,48678
0,-1.2241097939090375,40075
0,5.619293052479503,40631
0,2.5826078314090295,152176
0,1.24304667312065,41211
0,-1.3093576139730307,42011
0,-1.3922021443281827,28252
0,-1.3400911864659464,28109
0,3.7349299046942805,52316
0,-0.9783555233832204,43716
0,-1.4025729653237018,14571
0,-1.3099823394364363,22389
0,-1.1643235758564896,67390
0,-0.37456238524960717,163193
0,-1.463921974092973,91882
0,2.6670768004456753,28356
0,-1.2746539103316623,136356
0,-1.4579166026560606,13353
0,-1.3385939565081801,101053
0,-1.3677855791066607,29856
0,4.573243060943636,43157
0,-1.3367136730673146,60862
0,-1.2993703446686293,28545
0,-1.3096229072551262,45300
0,3.4824187475426385,15103
0,-1.1929313326631743,20405
0,20.864041032818765,715629
0,2.731260780658651,28486
0,-0.03218212339270311,19473
0,-1.0893549577750306,33518
0,11.701914655436754,23300
0,1.7898973104571942,38597
0,2.5494198129456747,11329
0,-1.6493652023794698,53776
0,49.88550124327333,13845
0,-1.1456289142561702,43075
0,14.066686580680694,34416
0,-1.3384471597981908,46508
0,3.2453625821938075,155997
0,-1.5526989146189745,61441
0,-0.8291918564788769,14471
0,2.6479407452035972,30040
0,0.47048605358020534,10929
0,3.640597176660666,114026
0,1.0026508884043777,64406
0,9.440522213100985,28897
0,0.952767566011928,14005
0,-1.1349220838049727,10151
0,-1.4338857241665068,11995
0,-1.3755460533182984,96627
0,-1.4155559727859042,29378
0,0.3965709215725489,36250
0,-1.2816003152808557,12440
0,-1.233250342661612,41530
0,-1.5893961961755394,15667
0,-1.2272806944104189,13428
0,-1.307344479659646,11395
0,-0.10734749567065642,9950
0,4.093946190957938,14186
0,-1.5674596203957427,12232
0,-1.4014043960053653,24237
0,-1.8518918881165618,8225
0,-1.3000990724993162,18541
0,1.66633708627626,23382
0,-1.8608460431364373,35105
0,3.9099690386446007,7234
0,-1.2729853510189622,13915
0,-1.3600386351268774,104240
0,-1.4331448777260472,16833
0,-1.2264207776186453,27634
0,-1.3391516206584309,30731
0,-1.2706924816825829,67236
0,-1.5465171968363605,10583
0,3.804805085091726,8479
0,-1.2634596623732324,24527
0,-2.0042110403613784,13547
0,-0.5186378961874525,15664
0,-1.5295983722123865,45011
0,-1.3023017351375479,84982
0,2.205806815922395,46747
0,82.65218618847125,5038
0,0.3660856735637528,17550
0,-1.3500099845956932,17830
0,-1.2090785871174055,18113
0,2.1341572482857325,14117
0,-1.2286243146796247,30992
0,-1.5014023778829186,6606
0,0.015001426889619866,11506
0,-2.2388896084796337,10918
0,-1.446173893881148,26709
0,1.4525206205911254,276491
0,2.781916398480687,6353
0,-1.301286965436209,19563
0,-1.4890738948098634,15239
0,-1.1342813707309378,75357
0,-1.3837304576341654,4785
0,0.4910275980803842,92060
0,1.6113196541305006,22962
0,1.172825491644876,13218
0,-1.3324609175784792,14599
0,-1.377775173634064,25607
0,-1.4004227947711856,25571
0,-1.0922152760569175,8182
0,1.8659235197805164,13772
0,6.387074777818706,45439
0,-1.563144952124771,12866
0,2.860150725298711,6983
0,-1.5427244147172368,16713
0,-1.518580586151267,21209
0,-0.8281027689036928,24459
0,1.9530795946728317,9387
0,0.945992913426369,41103
0,-1.2589688764241918,8483
0,2.554716540065533,9183
0,1.5825609633265108,47071
0,-1.410021536626102,16543
0,-1.286784360943113,36459
0,-1.3470771782402842,6498
0,-1.3278505730195285,57367
0,1.0205522854132236,24611
0,-1.2881535851410657,20897
0,1.5150318040271868,16419
0,34.707294917018324,9463
0,-1.4099226675882466,20636
0,-1.3920612570771655,72124
0,1.384634836859977,25723
0,-1.5362916956494757,64028
0,-0.5184841562326472,17445
0,-1.8115781606912702,16830
0,-1.332360589800729,39324
0,1.5081377150833692,12597
0,-1.0701885417270984,16445
0,-1.424110394750917,25306
0,-1.3354462672023237,6468
0,-1.2601318969406552,20899
0,1.5640066104078747,11530
0,-1.4510320421884857,19274
0,6.081280364354177,8807
0,-1.2695548792836966,15925
0,1.1482749176132838,2278
0,0.69893040972482,12858
0,6.107457248223318,6860
0,2.09203897693178,4547
0,-1.2936105924602952,6865
1,-0.025574177753255684,80485
1,-0.17217678856936244,21276
1,-0.07513822087463762,22217
1,0.08957049221827575,296169
1,0.10443232528946018,13195
1,-0.23166993868499416,15826
1,-0.0008078281244481224,12419
1,0.088910958735965,1040341
1,-0.14756234474039628,35834
1,-0.007497475647307188,24257
1,0.01564577945295014,69253
1,0.1817708949673679,120770
1,0.39736239105608806,290784
1,-0.13654947929380967,39087
1,-0.06112418837122814,8929
1,-0.03165958384423782,23650
1,-0.1154382258246995,20607
1,-0.33506176847265207,91916
1,-0.19148525816107953,15607
1,-0.19136923372013862,14917
1,0.8433331872069109,4480
1,-0.18302990616206574,28842
1,0.015076002240113476,16976
1,-0.3031646068144126,17237
1,0.02273390733288019,18373
1,-0.17768534153320753,53674
1,-0.2005581426124023,24673
1,-0.13556568302601263,53879
1,-0.13427266528839568,22735
1,-0.023741674618673346,26523
1,-0.11901143543895634,29593
1,0.08211658168005026,33675
1,-0.2427586758504137,12364
1,0.03245489440238864,11900
1,-0.058826883975000056,11150
1,-4.771503562858341,9775
1,-0.26346130566039294,54317
1,-1.5880948999196707,43914
1,7.447234236690628,24787
1,0.09085481566280276,31953
1,0.05366795234809881,304352
1,0.6992062963001835,64047
1,-0.01522720449603525,72672
1,-0.20061287324230218,12301
1,-0.11345398651349264,31209
1,-0.21587911697866383,52863
1,-0.46154672405811464,28743
1,-0.5830824081628442,32248
1,-0.15742128888828708,41365
1,-0.2178738885706952,31361
1,2.4182269270271775,7754
1,0.03386924272810343,9934
1,-0.0529402762261896,7205
1,4.212396318387695,12591
1,-0.10776369524770527,9845
1,-0.08498896968028263,36559
1,0.04920918115295639,14977
1,-0.2249311648154608,23890
1,-0.10146341844482293,12562
1,-0.3039913389281208,2395
1,-0.2653257115023903,16973
1,-0.030754839360860948,16916
1,-0.20732094810615778,33849
1,-0.11015839583787823,27261
1,-0.06812965407909659,426379
1,0.06131522763236696,67569
1,-0.18082095674097892,62148
1,0.08557070457100233,374441
1,-0.06003485895816697,32144
1,0.05164518740251976,34609
1,-0.7014714890334364,15932
1,-0.0762930711669339,74537
1,0.028572032479488408,6308
1,-0.0354509866775955,97093
1,-0.19148277061678892,215277
1,0.04313819018644407,10742
1,0.006385609235996444,10868
1,-0.20084971641042315,13342
1,-0.08074841162654538,10597
1,-0.32063329481339325,4733
1,0.41293212993434186,194129
1,1.0039548428908693,15275
1,0.15980729353507364,17767
1,1.0,5989
1,-0.3113414393102115,44058
1,5.079469647535135,38381
1,-0.06175194437921116,5044
1,-0.08488419561147813,15967
1,-0.07114890805592639,36117
1,-0.23674276766042573,223635
1,0.027518955470702055,81489
1,-0.06814727162598432,13801
1,-0.18109037893470478,31753
1,-0.16081947395666027,7039
1,0.6484890413678505,11465
1,-0.0567413761946263,7376
1,5.523068012121382,6471
1,1.5248420168216326,13323
1,0.2287514695457578,63399
1,-0.2977810604213831,41686
1,0.004429342503056003,29928
1,0.28306765027211267,38267
1,0.956152671192554,20857
1,-0.07917031260901525,89742
1,-0.01226022964134091,14572
1,-0.33146270663920174,92964
1,-0.191186918016759,172810
1,0.03429477374471609,119269
1,1.1245589100560602,22705
1,1.3514980120016487,21806
1,0.25079785069789645,17263
1,0.940646202269314,8524
1,-0.04939924055909208,15020
1,-0.4154735969297322,132259
1,1.0,3820
1,0.1695634340318871,65378
1,-0.09284515701561193,62575
1,-0.0022201278064124495,5678
1,-0.20144430408420183,12089
1,-0.06984304077427603,22349
1,-0.4557367290714176,6556
1,0.151247806299332,17400
1,-0.23029739200539098,35764
1,-0.05567781797120092,13822
1,-0.2589966902254109,7127
1,-0.06643422716546038,44053
1,-0.4281036845937998,30503
1,-0.10301592667961008,50634
1,-0.15903154490319546,67637
1,-0.18471378082426543,42647
1,-0.22633950477662484,11856
1,-0.21420672206853747,73949
1,-0.14776849370353268,60960
1,-0.1853768131038505,24779
1,-1.5549460125184185,30875
1,-0.19692293059105506,13402
1,-0.0907078563896177,22229
1,0.0456816965748248,26703
1,-0.09099676223163797,84868
1,-0.21197082838261086,85888
1,1.573402778159991,54626
1,-0.1824827553999585,190213
1,-0.30927805678669795,93454
1,6.065882569453428,23599
1,-0.1703563824826685,32496
1,-0.08196567809336636,17300
1,0.47479414960210536,7666
1,-0.16433751929819454,15962
1,-0.4144894934053827,7578
1,-0.24387099708263069,28701
1,-0.0981545414382346,16193
1,14.609579542849456,26808
1,-0.12398136488441996,27255
1,-0.11833562101755347,55003
1,-0.03887240275069149,8325
1,-0.16360409232370174,9050
1,0.07590018131112654,26475
1,-0.1913759726475082,13845
1,-0.022791145549768594,22492
1,-0.20522989840485223,9271
1,-0.2547574407887237,23984
1,-0.2950588240428119,15007
1,-0.2352267806569412,16697
1,0.24987270571495793,5833
1,-0.19620858336783698,26117
1,-0.13992791077699596,23002
1,-0.20559421243535447,42870
1,-0.03755696953013023,99414
1,-0.21440161334614322,34605
1,-0.10438063227440529,7303
1,4.218873189402564,12543
1,0.394992754427961,10504
1,-0.1399110344568706,5753
1,-0.20625898105175544,9250
1,-0.1340419392783994,15661
1,-0.2323712525738217,21789
1,-0.15381891930838212,8035
1,-0.14866141538611335,357516
1,0.1697642673152195,535515
1,-0.10836988189369531,63872
1,-0.23822964862138366,53909
1,-0.17495581398926194,202221
1,-0.13619215283101052,127503
1,0.11235155575911444,768322
1,-0.18395509540593208,44827
1,-0.16219202288194692,137150
1,-0.16471956201135263,1186796
1,-0.037947439491252476,204573
1,0.10407712988703928,392650
1,-0.14962430209160862,167501
1,-0.03426488644451762,48241
1,-0.16650508870481157,42711
1,0.05335287862176409,609439
1,-0.026843027879429215,141298
1,-0.11982662380821107,309320
1,-0.1672264555609225,68372
1,-0.05358148351523739,36836
1,0.06912862704461488,281570
1,-0.07183925264973676,40819
1,-0.14879586235415757,420626
1,-0.08190978732099953,77823
1,0.4701050004944575,475836
1,-0.16852133169626748,178041
1,-0.2695176039264076,41227
1,-0.09441363497551002,36225
1,0.07972510201626658,496821
1,-0.11313248943691442,41072
1,-0.5985817633779861,5370
1,-0.07590346130137193,96923
1,0.029320954547286688,164476
1,-0.24784563787705644,38330
1,-0.07993859705696515,334590
1,-0.2687300197537406,83797
1,0.08106594918489417,216753
1,-0.14824962008218504,61768
1,-0.1585765972330385,49528
1,0.7566860669081681,132606
1,-0.18768724777803455,46171
1,-0.14375145014404211,109836
1,-0.10247112135182587,111689
1,-0.2012008030115282,45076
1,-0.1041095358426912,123571
1,-0.19182067350753795,36213
1,-0.154685031967603,89281
1,-0.0790186239522156,40220
1,-0.051796104295735494,143173
1,-0.16908637134988472,134320
1,-0.0066924848467532095,62398
1,-0.09943381076377465,74603
1,-0.1249142721405438,266403
1,0.12449824154228666,260537
1,-0.14390920751804562,32036
1,0.018791197633390416,6099
1,-0.16866889589271977,90811
1,-0.19603375920625907,27728
1,2.1056075019803795,5124
1,-0.24669271767997442,85853
1,-0.08970088692656542,34990
1,0.061297026401332305,17355
1,-0.056685986598785695,24306
1,-0.20280340300289007,14839
1,-0.200397041663832,17273
1,-0.010289406021904871,56611
1,0.23385087949153965,1454290
1,-0.29336339368580305,75718
1,-0.16743967242058072,34447
1,-0.16986189215094047,27805
1,-0.08615721210916905,289508
1,-0.1662514609353515,116589
1,-0.26265977267736274,435577
1,-0.30098258685138113,75842
1,-0.2555603814037399,84524
1,-0.13527304621891148,1265067
1,-0.302043750061841,784515
1,-0.21942388293714418,45133
1,-0.24608129747449498,37239
1,-0.13955635472043593,193679
1,-0.2090630827459196,28692
1,-0.1726033914899244,56833
1,-0.2592120034689001,55182
1,-0.246399193954464,72734
1,-0.29055290838784487,35707
1,-0.07857689171007336,65572
1,-0.31056101291448335,32984
1,-0.2632403219674585,23649
1,-0.27716947415761745,28504
1,-0.07660381857042237,47752
1,-0.20110218766046786,59102
1,-0.20347546910054004,118907
1,-0.3624735431262908,523431
1,-0.0939595795922293,348796
1,-0.23257931933692924,367326
1,-0.2129967430022893,111965
1,-0.15791204357883476,50409
1,-0.2064061524537276,91425
1,-0.22935201626293839,38452
1,-0.18230162416984594,98683
1,-0.16824045370451213,44250
1,-0.07262367693953906,1118712
1,-0.1323367787358446,34286
1,-0.11346159014347068,50051
1,-0.06313388760846692,535339
1,-0.2567089119724497,36836
1,-0.053438730489041665,37368
1,-0.2674408013994809,60452
1,-0.17610834556782004,235361
1,-0.04046312138556908,201169
1,-0.08385866759964945,11895
1,-0.18475716667751144,19561
1,-0.26386794489830845,54427
1,-0.16084247336061927,15662
1,-0.19298484714388525,160119
1,-0.25640361351904944,61529
1,-0.18073483295659667,141535
1,-0.14246496545958326,226664
1,-0.19985053932549268,60392
1,-0.21943393144953366,29923
1,-0.10126357517925848,168976
1,-0.24744229435684173,41500
1,-0.2415400700191059,104447
1,-0.267218010584963,102350
1,-0.23574781076675344,42382
1,-0.18023067625161512,208878
1,-0.32118204857985005,39716
1,-5.135960346970136,70763
1,-0.03651572295185874,150309
1,-0.04065298977251169,41227
1,-0.14012966413627725,48678
1,-0.2570962541335923,40075
1,-0.2012956924619384,40631
1,-0.14487439483039669,152176
1,0.16882196131047725,41211
1,-0.25414253407241605,42011
1,-0.2444235862859502,28252
1,-0.2911396977263453,28109
1,-0.2580117572292718,52316
1,-0.2962605181704586,43716
1,-0.1480156347563958,14571
1,-0.2690040974063481,22389
1,-0.20975465030277154,67390
1,0.2369754518960767,163193
1,-0.061663961597812976,91882
1,-0.16120093184221285,28356
1,-0.2772207456124328,136356
1,-0.21248585421031518,13353
1,-0.24929996668797033,101053
1,-0.03134750861127218,29856
1,-0.26322575124920067,43157
1,-0.25066210645550085,60862
1,-0.2113564089664817,28545
1,-0.20053465716180177,45300
1,-0.10755467324593453,15103
1,-0.19942448076598124,20405
1,0.21675860936238694,715629
1,-0.27257444429945793,28486
1,3.105487004599544,19473
1,-0.14786404567991993,33518
1,10.081944610929437,23300
1,-0.2555381918064373,38597
1,-0.11735298862548643,11329
1,0.06639030920674893,53776
1,-0.1312805619212375,13845
1,-0.013780935040689427,43075
1,-0.2615789993685782,34416
1,-0.2660295556346571,46508
1,-0.20389036556929938,155997
1,-0.1638490328053645,61441
1,-0.11101984287136596,14471
1,-0.12054009504078739,30040
1,-0.2064492685730736,10929
1,0.01978660667818926,114026
1,-0.19968911207860554,64406
1,-0.28772622593435354,28897
1,-0.1694079376731461,14005
1,-0.16715691542468852,10151
1,0.026924751705965075,11995
1,-0.20119906816008712,96627
1,-0.16977290376712798,29378
1,0.14487946167838972,36250
1,-0.23511204265306426,12440
1,-0.14154850417737058,41530
1,-0.17246554493074734,15667
1,-0.2226738169074911,13428
1,1.4173420100974203,11395
1,-0.16710746606173937,9950
1,-0.3606603405959062,14186
1,-0.14245121195062654,12232
1,-0.18226280781539084,24237
1,-0.021869081197448695,8225
1,-0.20358666585861948,18541
1,-0.2359828288633302,23382
1,-0.33797160975408425,35105
1,-1.4803790804761254,7234
1,-0.16370783689728774,13915
1,-0.07417458901911844,104240
1,-0.2503945932277604,16833
1,-0.1775786325101362,27634
1,-0.22248108304481898,30731
1,-0.2927231132271993,67236
1,-0.24069160255560393,10583
1,-0.1630028329860077,8479
1,-0.30850626992078506,24527
1,-0.1771479595873478,13547
1,0.3928288221566693,15664
1,-0.2600950558867298,45011
1,-0.1721291427399217,84982
1,-0.15416850816957786,46747
1,-0.222580006175148,5038
1,-0.0843286040930227,17550
1,-0.1900478701307724,17830
1,-0.017338401854174037,18113
1,-0.28270399689059705,14117
1,-0.27171525931166934,30992
1,-0.06612470150710278,6606
1,-0.19176030709136188,11506
1,-0.29625052966823195,10918
1,-0.1552722778789329,26709
1,-0.044473585421884364,276491
1,-0.14274548134549683,6353
1,-0.1892005207214637,19563
1,-0.21611461403340457,15239
1,-0.17644065495855674,75357
1,-0.271077350211385,4785
1,-0.16801595025772098,92060
1,-0.175333452384231,22962
1,-0.1585285231084979,13218
1,-0.2439924037089574,14599
1,-0.19058835177463537,25607
1,-0.30231463564054223,25571
1,-0.3983140282607181,8182
1,-0.22635001121525047,13772
1,-0.15878610824384812,45439
1,0.06034552086749819,12866
1,-0.23439661396321446,6983
1,-0.22113466653231145,16713
1,-0.26045637496479224,21209
1,-0.12752576206043997,24459
1,-0.2011942213331453,9387
1,-0.2073277154514096,41103
1,-0.2630494976113411,8483
1,-0.04851492974586872,9183
1,-0.12947393059326154,47071
1,-0.08297312188814146,16543
1,-0.25877167172033516,36459
1,-0.21136573930584884,6498
1,-0.22484713328294523,57367
1,-0.2292481977062088,24611
1,-0.29962073577257947,20897
1,-0.04794441529832914,16419
1,-0.1925382568066989,9463
1,-0.22996691663142144,20636
1,-0.11567899978912181,72124
1,-0.27145610676536996,25723
1,-0.1263568168832223,64028
1,-0.13962207126562814,17445
1,-0.14531182231573203,16830
1,-0.2510945590827534,39324
1,-0.16360615813417798,12597
1,-0.19243445128914768,16445
1,-0.23072586785968854,25306
1,-0.0032290842755632373,6468
1,-1.5313342031525998,20899
1,-0.09809353267340748,11530
1,-0.13562365569709556,19274
1,-0.18456849917086599,8807
1,1.234974549409475,15925
1,-0.5149175086703249,2278
1,-0.2010539751834696,12858
1,-0.0588195724962996,6860
1,-0.08218723406388462,4547
1,-0.11175674775078738,6865
2,-0.02764809405621485,80485
2,-0.0852958402522923,21276
2,-3.2247996722791568,22217
2,0.12029748141034109,296169
2,0.12604969222508894,13195
2,-0.3156156898633729,15826
2,-0.0007717685269860098,12419
2,1.0022485228701947,1040341
2,-0.20413844557969857,35834
2,-0.005947389845804575,24257
2,0.02353438300809884,69253
2,0.27222403621457775,120770
2,0.5566408587188648,290784
2,-0.18405368032513456,39087
2,-0.24190500632177123,8929
2,0.017798346869449814,23650
2,-1.3914037563163792,20607
2,-0.16008241487924915,91916
2,-4.882259993266687,15607
2,-0.23415530753209854,14917
2,-1.4090905926463506,4480
2,0.7168211597915634,28842
2,0.026552248555941484,16976
2,-0.08398231301781336,17237
2,0.16083862877027497,18373
2,-0.21396710317469478,53674
2,-0.2631791766347399,24673
2,-0.19158572146973524,53879
2,-0.3869372339286991,22735
2,0.5284009672099046,26523
2,-0.1781894971603148,29593
2,0.15660172892699606,33675
2,-0.2795490790332921,12364
2,0.15200629881610936,11900
2,-0.09453119217045951,11150
2,-6.323250315747189,9775
2,-0.34163625693213706,54317
2,0.0947671002471476,43914
2,6.233187618956502,24787
2,0.13959599099682854,31953
2,0.07244954467221237,304352
2,0.331171199892405,64047
2,8.78510248070877e-05,72672
2,-2.8762847102616,12301
2,-0.13787131532791239,31209
2,-0.28172860258683374,52863
2,-0.4396670660123002,28743
2,-0.1566741040298773,32248
2,-0.32213885928694574,41365
2,-0.28578616444254035,31361
2,2.3453292074379233,7754
2,0.044959565314632056,9934
2,-0.26488362912600805,7205
2,6.917102834405188,12591
2,-0.1277087130976773,9845
2,-0.6414365529845631,36559
2,0.06664878130653311,14977
2,-0.28991052724168415,23890
2,-0.12087462686825766,12562
2,-0.46726830675632736,2395
2,2.114457827588989,16973
2,-0.043812510561621616,16916
2,-0.29597370244429405,33849
2,-0.16325855662382832,27261
2,-0.08979081386897649,426379
2,-10.135863723717986,67569
2,-0.27085003939372265,62148
2,0.10199296255569161,374441
2,-1.2630723254968796,32144
2,0.14554126177709603,34609
2,-0.08665049800341133,15932
2,-0.09913421378304517,74537
2,7.4970172978205145,6308
2,-0.054520242298521655,97093
2,-0.23762249468972851,215277
2,0.05721202282583306,10742
2,0.00813572757927703,10868
2,-0.2610709292721888,13342
2,-0.09535395579894522,10597
2,0.23672271188040422,4733
2,0.5319464699797608,194129
2,-0.2421045337283252,15275
2,0.2604658474431637,17767
2,1.0,5989
2,-0.3318082452480969,44058
2,5.569948967599134,38381
2,-0.044262440015213234,5044
2,-0.10254067960321811,15967
2,-0.3520261681468647,36117
2,-0.2760526783621752,223635
2,-0.3660595533167307,81489
2,-0.07487706638495992,13801
2,-0.2199560169100111,31753
2,-0.13460043116388204,7039
2,0.8137913252487446,11465
2,-18.85352792646844,7376
2,0.6839386420935241,6471
2,-1.0974226736271817,13323
2,0.3732359318366468,63399
2,-1.4606955896923326,41686
2,-0.8806291135575135,29928
2,0.2471713232521987,38267
2,1.3112326856989431,20857
2,-0.11678904962140321,89742
2,-0.0137228904339415,14572
2,-0.3626167699164835,92964
2,-0.24177262586764725,172810
2,0.04904757472484402,119269
2,1.4482619692306198,22705
2,0.9010966201447125,21806
2,-0.29728046910619355,17263
2,-0.6495885201541863,8524
2,-0.07121862666656897,15020
2,0.15407242872018462,132259
2,1.0,3820
2,0.18044547525936644,65378
2,-3.4360608536834905,62575
2,-2.7159039828986535,5678
2,-0.2509377155082045,12089
2,-0.08464518043457743,22349
2,0.10528746257860565,6556
2,0.1830988746527201,17400
2,-0.3163839479273492,35764
2,-3.396092430873401,13822
2,-0.33461459672548755,7127
2,-0.09636877336498037,44053
2,-0.454852940989491,30503
2,-0.18781046092507783,50634
2,-0.3532295105465248,67637
2,0.4548040612342949,42647
2,-0.2659235342054903,11856
2,-0.21477127729054174,73949
2,1.4742658475267163,60960
2,-0.0966620760635274,24779
2,-0.09531965112751621,30875
2,-0.5223610986086511,13402
2,-0.23258670126493494,22229
2,2.1466102819841777,26703
2,-0.09602052228077777,84868
2,5.865907556918362,85888
2,2.2381085608813964,54626
2,-0.24431355098571184,190213
2,-0.36217397109597416,93454
2,6.824059653218656,23599
2,0.33654007103313005,32496
2,-0.08830331108855043,17300
2,-0.33022884802620867,7666
2,0.0008614954825010412,15962
2,8.05856654664947,7578
2,-0.349949128009874,28701
2,-0.23710185660381666,16193
2,10.649414972332124,26808
2,-0.1502107358447767,27255
2,-0.5221233691235727,55003
2,-0.001244182950476907,8325
2,2.4780247097463297,9050
2,-0.3374588080910113,26475
2,-0.35031840103693196,13845
2,-0.023448899373617948,22492
2,0.49833818106879474,9271
2,0.035105605195250744,23984
2,0.07454985143836532,15007
2,-0.3631082646311006,16697
2,0.6259679549726131,5833
2,-0.2540223048280777,26117
2,-0.16604460606456253,23002
2,-0.2600247666254634,42870
2,-0.14585500103174118,99414
2,-0.22877969605185094,34605
2,-0.6364295265746751,7303
2,-0.1611594293289353,12543
2,-0.3166036575453571,10504
2,-0.09566176600583247,5753
2,-0.3279356679795647,9250
2,-0.19317825171868688,15661
2,-0.27412248131150474,21789
2,-0.19380227241682932,8035
2,-0.20114135212943654,357516
2,0.22626657787475749,535515
2,-0.14855778199954292,63872
2,0.8397613833174077,53909
2,-0.3111213708230452,202221
2,-0.17165011173654124,127503
2,0.15805048740223757,768322
2,-0.25470135251289844,44827
2,-0.20217270545861563,137150
2,-0.20933257097372127,1186796
2,-0.04943114869303252,204573
2,0.1437557022832832,392650
2,-0.21178905076925425,167501
2,-0.044709283524174546,48241
2,-0.1997339996430134,42711
2,0.07933361560551859,609439
2,-0.16909619771047685,141298
2,-0.15364907556036073,309320
2,-0.3070089643949943,68372
2,-0.07484972119252195,36836
2,0.09640091029610175,281570
2,0.21731009895575262,40819
2,-0.35628772921021923,420626
2,-0.11598386994534571,77823
2,0.791070859865973,475836
2,-0.27141031771087026,178041
2,-0.1616230146228085,41227
2,-0.14900368186635382,36225
2,0.11624055768436309,496821
2,-0.20610133345381731,41072
2,-0.4553678362863305,5370
2,-0.11049207213428008,96923
2,0.0361055095188507,164476
2,-0.08045084163165328,38330
2,-3.9255519166383968,334590
2,-0.32175156675624494,83797
2,0.12496372767240693,216753
2,-3.6047283346483905,61768
2,0.4524281856460712,49528
2,1.1175451928868738,132606
2,3.4804768560688717,46171
2,-0.18173984288487877,109836
2,0.7408189869641855,111689
2,-0.2812842528044718,45076
2,-0.29419508128321026,123571
2,-0.1254948060751706,36213
2,-0.26286378671411265,89281
2,-0.1343074962225211,40220
2,-0.07151176327045079,143173
2,-0.23498059896751042,134320
2,-0.008557438982827148,62398
2,1.9793143060413205,74603
2,-0.30871911366279964,266403
2,0.17963776410572727,260537
2,-0.19298674577957606,32036
2,-0.20353674569644925,6099
2,-0.2450556531532022,90811
2,-0.2975245613549304,27728
2,-0.2316256197795135,5124
2,-0.3060970997142798,85853
2,-0.11409976508489647,34990
2,0.09344940461793652,17355
2,-0.06025007448763902,24306
2,0.007170541841231511,14839
2,-0.19801917314281364,17273
2,-0.012958061556251014,56611
2,0.2687983455537396,1454290
2,-0.2700011471647309,75718
2,-0.3619303715801863,34447
2,-0.7714042477322103,27805
2,-0.12214038589437472,289508
2,0.15322197730668735,116589
2,-0.471141590129758,435577
2,-0.36412155198896146,75842
2,-0.3700716856748749,84524
2,-0.1692850456306674,1265067
2,-0.2328207857094837,784515
2,-0.3156220875601567,45133
2,-0.36332098017410547,37239
2,-0.19406130482600376,193679
2,0.7005935132500344,28692
2,-0.24827902173776326,56833
2,-2.4668115966456017,55182
2,-0.297446774067151,72734
2,-0.4676421676471388,35707
2,-0.09510292199335194,65572
2,-0.42568738693538116,32984
2,1.8015181973274659,23649
2,-0.4338647110313489,28504
2,-0.06547027390635657,47752
2,-0.27064827869679536,59102
2,-0.2765830245746486,118907
2,-0.28122999016456374,523431
2,-0.12792750435011654,348796
2,-0.2912085523749253,367326
2,-1.2575799675992567,111965
2,-0.21923861744954878,50409
2,1.6466760851138964,91425
2,-0.2829922715857163,38452
2,-0.353578722022798,98683
2,-0.31228939428265756,44250
2,-0.08930691096809604,1118712
2,0.406542669599002,34286
2,-0.5352287333551654,50051
2,-0.08567683711865852,535339
2,-0.35815822357021426,36836
2,-0.012088432727946387,37368
2,-0.32196205767725833,60452
2,-0.226568261212906,235361
2,-0.05671972886948491,201169
2,-0.11464717016278454,11895
2,-0.17616969023371323,19561
2,-0.27361113063333464,54427
2,-0.301678329871247,15662
2,-0.25308847860948386,160119
2,-0.3462571588053691,61529
2,-0.26248740902319956,141535
2,-0.18730688886247512,226664
2,-0.2865840950171774,60392
2,-0.40318064589997543,29923
2,-0.1448954612901987,168976
2,-0.24678137543047365,41500
2,-4.737191669299699,104447
2,-0.3347263189051713,102350
2,-0.31249897813419736,42382
2,-0.21690894267929753,208878
2,2.6696292626121476,39716
2,-0.16076318153572547,70763
2,-0.05195383745115269,150309
2,6.631102153430355,41227
2,-0.25602636771917053,48678
2,-0.5781012973832867,40075
2,-0.2819984760952234,40631
2,-0.1955373907592059,152176
2,-0.18788146688295093,41211
2,-0.34612243487897876,42011
2,-0.3400668804942728,28252
2,-0.37589472924244055,28109
2,-0.5312181041449489,52316
2,-0.4288800299316248,43716
2,-0.23641163144131122,14571
2,-0.34917442470276294,22389
2,-0.17340880517254803,67390
2,0.1296693002529155,163193
2,-0.08875025657577519,91882
2,1.3685054626248963,28356
2,-0.3485086172608576,136356
2,-0.4385957032088271,13353
2,-0.34240972682655924,101053
2,-0.320038266466688,29856
2,2.2828873731859125,43157
2,4.596225647205676,60862
2,-0.28817122438197634,28545
2,-0.29949336165187723,45300
2,3.597388694006451,15103
2,-0.2247596316990647,20405
2,0.32886286820924504,715629
2,2.95620889233729,28486
2,-0.20107652541130688,19473
2,-0.18673441494223145,33518
2,11.236273415837148,23300
2,-0.321310283008098,38597
2,-0.3514715787311413,11329
2,0.21167378235402506,53776
2,-0.16516593083705494,13845
2,-0.01100795236626867,43075
2,11.815643196469582,34416
2,-0.3896114052512169,46508
2,-0.26516930834031044,155997
2,-0.22353915720023995,61441
2,2.1441093849815527,14471
2,2.2825998009014703,30040
2,1.060132963762923,10929
2,0.037305907125103385,114026
2,-0.4128075931744984,64406
2,-0.41377921766923503,28897
2,0.2958736977133133,14005
2,-0.21192773734524042,10151
2,-0.08333341550275326,11995
2,-0.2772245760958201,96627
2,-0.3568832638671855,29378
2,-0.09399783582821088,36250
2,-0.26798087065668835,12440
2,-0.3163653219905312,41530
2,-0.38253370063499914,15667
2,-0.16254093654635843,13428
2,-0.20451429163707924,11395
2,0.8366703257548109,9950
2,4.578233839491368,14186
2,-0.28309750736989314,12232
2,-0.3598117129803796,24237
2,-0.033297232273194026,8225
2,-0.29543228131984,18541
2,-0.30891885305152017,23382
2,-0.5097749933794333,35105
2,2.9885619959854917,7234
2,-0.34599496923965367,13915
2,-0.1006366488739265,104240
2,-9.117696776948007,16833
2,-0.23271954399917838,27634
2,-30.664214825113543,30731
2,-0.3787662946339042,67236
2,-0.3858308738154478,10583
2,0.1887014698990488,8479
2,-0.48257573593648206,24527
2,-0.2736513175669244,13547
2,-0.2216477287052318,15664
2,-0.3563938581815666,45011
2,-0.27726655545583634,84982
2,-0.468150111918307,46747
2,19.762346523868324,5038
2,1.510558270929592,17550
2,0.03901191149036999,17830
2,-0.015571220720774385,18113
2,-0.19496679887937754,14117
2,-0.12665527183129235,30992
2,-0.09000828961789645,6606
2,-0.23301699970890838,11506
2,-0.4356813772886055,10918
2,-0.26175984909178385,26709
2,-0.01029185296549123,276491
2,-0.16564423548350182,6353
2,-0.24098378363148815,19563
2,0.28900519522944956,15239
2,-0.21923404277845127,75357
2,-0.31290449586224084,4785
2,-0.2125662937280626,92060
2,-0.3571682027080475,22962
2,-0.3621139288646805,13218
2,-0.3358349658496445,14599
2,-0.3031071108553006,25607
2,-0.39633771871032475,25571
2,-0.3959767337707908,8182
2,2.0387096876992787,13772
2,-1.8699567335748473,45439
2,-0.23183060314578766,12866
2,3.7726480949727956,6983
2,-0.3431697647662339,16713
2,-0.3844882808102823,21209
2,-0.22550450991572354,24459
2,-24.08542519266005,9387
2,-0.30046258876360893,41103
2,-0.2741032121531672,8483
2,0.17941207547211557,9183
2,-0.35666243149180304,47071
2,-1.6315026132284325,16543
2,-0.33644150261557976,36459
2,-0.39997048721708095,6498
2,-0.3245937756085095,57367
2,0.5386278749580983,24611
2,4.327982606520928,20897
2,-0.02094973383075247,16419
2,35.34659885148626,9463
2,-0.2974151515201023,20636
2,-0.7707737884994905,72124
2,-0.37271945173715215,25723
2,-0.21675957865013823,64028
2,-0.16245177504187772,17445
2,-0.20249359617161075,16830
2,0.030875838295046046,39324
2,-0.21199420401276456,12597
2,0.5780045507808511,16445
2,-0.417912610630748,25306
2,-0.0030480607229585407,6468
2,-0.4599659390332893,20899
2,-0.30195622342848094,11530
2,-0.219197127576624,19274
2,3.63880258777373,8807
2,-0.23859282824058167,15925
2,1.258229866396885,2278
2,0.8599956016297889,12858
2,6.943336380803276,6860
2,5.082704625558984,4547
2,-0.2116536152302725,6865
