StartX,StartY,DestX,DestY,StartID,EndID,AffectIndex
-80.4405,37.0675,-80.5583,37.1229,0,53,0.003300523
-77.9267,37.5427,-77.7022,37.6015,1,70,0.053801977
-77.9267,37.5427,-77.9882,37.3366,1,43,0.026555830
-79.5431,37.6301,-79.444,37.7825,2,20,0.036640394
-77.4322,37.6274,-77.3706,37.7668,3,73,0.000600919
-77.4448,38.7717,-77.2604,38.6823,4,67,0.000007516
-77.4448,38.7717,-77.4712,39.0302,4,12,0.001019066
-82.3763,37.1026,-82.626,36.9317,5,114,0.055964970
-82.3763,37.1026,-82.2961,36.9791,5,21,0.001747274
-76.3477,37.8832,-76.5747,37.6395,6,78,0.018754830
-78.7284,36.839,-78.601,36.9933,8,58,0.003185381
-78.7284,36.839,-78.3908,36.666,8,44,0.005162587
-78.1638,37.7533,-77.9267,37.5427,9,1,0.000337296
-78.1638,37.7533,-78.0883,37.6674,9,54,0.000306137
-79.0087,38.1939,-78.9012,38.0673,10,16,0.001579046
-77.4655,38.3319,-77.4871,38.2992,11,102,0.000003199
-77.4655,38.3319,-77.3473,38.0533,11,63,0.001884538
-77.4655,38.3319,-77.5885,38.1982,11,107,0.000359327
-77.4712,39.0302,-77.1878,38.8648,12,94,0.204408965
-77.4712,39.0302,-77.1579,38.8514,12,7,0.000152966
-82.7774,36.8615,-82.7493,37.1638,13,367,0.004498603
-76.2883,37.4984,-76.4402,37.2801,14,88,0.007528752
-81.8015,37.2473,-82.0632,37.4807,15,351,0.002810679
-78.9012,38.0673,-78.8828,37.913000000000004,16,19,0.000992499
-78.9012,38.0673,-79.0608,38.1593,16,109,0.017455212
-78.5222,38.041,-78.4856,38.0374,17,85,0.001032414
-81.6257,36.6015,-81.6382,36.666,18,45,0.001967880
-78.8828,37.913000000000004,-78.9012,38.0673,19,16,0.020335848
-78.8828,37.913000000000004,-79.0087,38.1939,19,10,0.000415160
-79.444,37.7825,-79.3565,37.7316,20,120,0.008488992
-79.444,37.7825,-79.5709,38.1948,20,79,0.002415773
-82.2961,36.9791,-82.1607,36.618,21,110,0.009497242
-76.8978,36.9052,-76.8308,36.866,22,69,0.000187808
-76.8978,36.9052,-76.9665,37.2273,22,93,0.061377237
-76.8978,36.9052,-76.6847,36.5882,22,90,0.015516046
-76.8229,38.0941,-76.8665,37.9185,23,75,0.000603988
-80.3578,36.7168,-80.2045,37.0379,24,112,0.016293229
-80.3578,36.7168,-80.6997,36.6771,24,30,0.012882031
-79.9917,36.8293,-79.8636,36.6827,25,97,0.003196888
-83.1152,36.6871,-83.4045,36.8155,26,357,0.001736747
-79.2895,37.2338,-79.1058,37.4487,27,100,0.000247639
-82.7962,36.7196,-82.626,36.9317,28,114,0.027930415
-77.7219,36.9853,-77.8937,36.8553,29,56,0.007359532
-77.7219,36.9853,-77.4689,36.816,29,51,0.004055661
-80.6997,36.6771,-80.7255,36.9342,30,62,0.000536617
-80.6997,36.6771,-80.9176,36.666,30,96,0.042015890
-75.7182,37.6917,-75.8283,37.5295,31,32,0.064603759
-75.8283,37.5295,-76.3477,37.8832,32,6,0.001272228
-78.1283,36.9608,-77.8937,36.8553,33,56,0.006249739
-78.1283,36.9608,-78.3908,36.666,33,44,0.005545803
-76.538,37.7301,-76.3477,37.8832,34,6,0.000474859
-76.538,37.7301,-76.6625,37.9501,34,50,0.000100904
-78.6333,37.494,-79.1058,37.4487,35,100,0.001962599
-78.6333,37.494,-78.8828,37.913000000000004,35,19,0.005378109
-79.7872,36.6871,-79.4196,36.6716,36,66,0.003237883
-79.7872,36.6871,-79.9917,36.8293,36,25,0.001206709
-77.8267,38.416,-77.5885,38.1982,37,107,0.000523151
-78.1745,39.1734,-78.3319,39.264,38,71,0.001790345
-78.1125,38.2484,-78.4417,38.2504,39,82,0.004327644
-77.6492,37.506,-77.9267,37.5427,40,1,0.001619549
-77.6661,38.6355,-77.8267,38.416,41,37,0.000523095
-78.9061,38.6601,-78.8735,38.4362,42,101,0.009304315
-78.9061,38.6601,-79.2413,38.6219,42,146,0.126988765
-77.9882,37.3366,-78.0883,37.6674,43,54,0.178940990
-78.3908,36.666,-78.7284,36.839,44,8,0.001794201
-81.6382,36.666,-81.6257,36.6015,45,18,0.000240372
-81.192,36.8862,-81.1501,37.1521,46,72,0.015206662
-77.9061,38.0068,-77.5885,38.1982,47,107,0.001091133
-78.3681,39.0551,-78.1745,39.1734,48,38,0.003622535
-81.5927,36.7929,-81.6257,36.6015,49,18,0.007127517
-81.5927,36.7929,-81.6387,37.1909,49,84,0.000730682
-76.6625,37.9501,-76.538,37.7301,50,34,0.015998930
-76.6625,37.9501,-76.8665,37.9185,50,75,0.000739043
-77.4689,36.816,-77.2875,36.8457,51,76,0.004218446
-77.0687,37.344,-76.9665,37.2273,52,93,0.138740077
-80.5583,37.1229,-80.7255,36.9342,53,62,0.002662583
-78.0883,37.6674,-77.9882,37.3366,54,43,0.026687168
-78.1033,38.9231,-78.1745,39.1734,55,38,0.004387192
-77.8937,36.8553,-78.1283,36.9608,56,33,0.007010256
-78.4545,38.6653,-78.3681,39.0551,57,48,0.000832434
-78.601,36.9933,-78.7284,36.839,58,8,0.000647673
-78.601,36.9933,-78.3908,36.666,58,44,0.002086672
-80.8576,37.373000000000005,-80.8865,37.7243,60,170,0.012677630
-80.8576,37.373000000000005,-81.1501,37.1521,60,72,0.025198391
-77.0436,37.4418,-76.9665,37.2273,61,93,0.093731881
-80.7255,36.9342,-80.6997,36.6771,62,30,0.000662468
-80.7255,36.9342,-80.5583,37.1229,62,53,0.014462721
-77.3473,38.0533,-77.5885,38.1982,63,107,0.001022526
-77.3473,38.0533,-77.3706,37.7668,63,73,0.001043896
-76.0435,36.7335,-76.3024,36.6778,64,74,0.024843636
-79.7253,37.3866,-79.8886,37.2747,65,103,0.000042852
-79.4196,36.6716,-79.8636,36.6827,66,97,0.049274334
-77.2604,38.6823,-77.1579,38.8514,67,7,0.000160931
-77.2604,38.6823,-77.1878,38.8648,67,94,0.190607652
-79.8779,37.4167,-79.7253,37.3866,68,65,0.000467846
-79.8779,37.4167,-80.0554,37.2864,68,108,0.007924348
-76.8308,36.866,-76.9665,37.2273,69,93,0.034651948
-76.8308,36.866,-76.6847,36.5882,69,90,0.002511692
-77.7022,37.6015,-77.9267,37.5427,70,1,0.007086190
-78.3319,39.264,-78.3681,39.0551,71,48,0.000750883
-78.3319,39.264,-78.1745,39.1734,71,38,0.000260293
-78.3319,39.264,-78.5228,39.3732,71,165,0.001320053
-81.1501,37.1521,-81.192,36.8862,72,46,0.001222752
-77.3706,37.7668,-77.3473,38.0533,73,63,0.000594735
-77.3706,37.7668,-77.7022,37.6015,73,70,0.012423517
-76.3024,36.6778,-76.0435,36.7335,74,64,0.017130708
-76.8665,37.9185,-76.8229,38.0941,75,23,0.003224449
-76.8665,37.9185,-76.6625,37.9501,75,50,0.000034874
-77.2875,36.8457,-77.4689,36.816,76,51,0.010994561
-77.2875,36.8457,-77.3914,37.2042,76,92,0.010424267
-78.3261,38.4879,-78.2322,38.6562,77,95,0.002052470
-79.5709,38.1948,-79.6403,38.3237,79,59,0.015053718
-79.5709,38.1948,-79.444,37.7825,79,20,0.253849025
-78.0029,37.0821,-77.9882,37.3366,81,43,0.004938760
-78.4417,38.2504,-78.4856,38.0374,82,85,0.005379450
-78.4417,38.2504,-78.3261,38.4879,82,77,0.014409842
-81.6387,37.1909,-81.3572,37.3675,84,136,0.002835097
-81.6387,37.1909,-81.5927,36.7929,84,49,0.005697715
-78.4856,38.0374,-78.4417,38.2504,85,82,0.012703881
-80.1395,37.4293,-80.0554,37.2864,86,108,0.013827536
-80.1395,37.4293,-79.8779,37.4167,86,68,0.003219007
-79.9795,37.8865,-79.9868,37.7786,87,83,0.067220219
-79.9795,37.8865,-79.8779,37.4167,87,68,0.005877055
-76.4402,37.2801,-76.3569,37.1318,88,118,0.022951882
-76.259,36.8945,-76.3024,36.6778,89,74,0.004483253
-76.259,36.8945,-76.3569,37.1318,89,118,0.106025272
-76.6847,36.5882,-76.8978,36.9052,90,22,0.001271567
-76.6847,36.5882,-76.3024,36.6778,90,74,0.004412433
-77.9823,39.1508,-78.1745,39.1734,91,38,0.000263255
-77.9823,39.1508,-77.7517,39.3242,91,127,0.000900189
-77.3914,37.2042,-77.3969,37.265,92,121,0.002312593
-76.9665,37.2273,-77.0687,37.344,93,52,0.163737080
-76.9665,37.2273,-76.8041,37.3799,93,98,0.014339030
-77.1878,38.8648,-77.1011,38.8786,94,80,0.000868995
-77.1878,38.8648,-77.0861,38.8184,94,113,0.018120128
-78.2322,38.6562,-78.3261,38.4879,95,77,0.011537608
-78.2322,38.6562,-78.4545,38.6653,95,57,0.006235224
-80.9176,36.666,-80.7255,36.9342,96,62,0.005569138
-79.8636,36.6827,-79.4196,36.6716,97,66,0.028022411
-76.8041,37.3799,-76.9665,37.2273,98,93,0.087160846
-79.4088,36.5831,-79.8636,36.6827,99,97,0.084107899
-79.1058,37.4487,-79.1911,37.4004,100,115,0.008591683
-79.1058,37.4487,-79.2895,37.2338,100,27,0.008937090
-78.8735,38.4362,-78.9061,38.6601,101,42,0.004127711
-77.4871,38.2992,-77.4655,38.3319,102,11,0.000569028
-79.8886,37.2747,-80.0554,37.2864,103,108,0.004793325
-79.8886,37.2747,-79.8779,37.4167,103,68,0.000391169
-78.682,37.2642,-78.6333,37.494,104,35,0.000229437
-76.354,36.8468,-76.3024,36.6778,105,74,0.007640165
-76.354,36.8468,-76.3569,37.1318,105,118,0.161862906
-76.5185,37.1052,-76.3569,37.1318,106,118,0.087640703
-77.5885,38.1982,-77.3473,38.0533,107,63,0.001698435
-77.5885,38.1982,-77.4871,38.2992,107,102,0.001317232
-80.0554,37.2864,-79.8886,37.2747,108,103,0.000423649
-80.0554,37.2864,-80.1395,37.4293,108,86,0.008721957
-79.0608,38.1593,-78.9012,38.0673,109,16,0.047312253
-82.1607,36.618,-82.2961,36.9791,110,21,0.004315026
-82.1607,36.618,-82.3763,37.1026,110,5,0.015916955
-76.7075,37.2691,-76.5185,37.1052,111,106,0.002526068
-80.2045,37.0379,-80.0554,37.2864,112,108,0.001679077
-80.2045,37.0379,-79.9917,36.8293,112,25,0.003776569
-77.0861,38.8184,-77.1579,38.8514,113,7,0.000797328
-77.0861,38.8184,-77.1878,38.8648,113,94,0.009148607
-79.1911,37.4004,-79.3565,37.7316,115,120,0.084377939
-76.433,37.1982,-76.4402,37.2801,116,88,0.000483326
-76.433,37.1982,-76.3569,37.1318,116,118,0.029000270
-77.5356,36.6953,-77.7219,36.9853,117,29,0.069851569
-76.3569,37.1318,-76.5185,37.1052,118,106,0.004576102
-77.2985,37.2914,-77.3969,37.265,119,121,0.003112747
-79.3565,37.7316,-79.444,37.7825,120,20,0.038687043
-79.3565,37.7316,-79.1911,37.4004,120,115,0.009703236
-77.3969,37.265,-77.3914,37.2042,121,92,0.019009382
-78.8661,38.8779,-78.8735,38.4362,123,101,0.015773307
-78.8661,38.8779,-79.2413,38.6219,123,146,0.228654466
-81.0795,37.9607,-80.8865,37.7243,125,170,0.005573985
-81.0795,37.9607,-81.4371,37.9443,125,131,0.002826217
-80.5998,40.6179,-80.4738,40.5989,126,189,0.001095796
-80.5998,40.6179,-80.675,40.8871,126,299,0.001294537
-77.7517,39.3242,-77.9779,39.458,127,167,0.003625488
-77.7517,39.3242,-77.9823,39.1508,127,91,0.015852329
-80.2989,39.3923,-80.2279,38.9927,128,158,0.007025700
-82.4415,38.2254,-82.3188,38.4154,129,142,0.001420764
-79.3662,39.2711,-79.8003,39.5512,130,134,0.006810337
-81.4371,37.9443,-81.4179,37.7154,131,160,0.060642889
-80.964,37.4362,-80.8865,37.7243,132,170,0.005598698
-81.7138,37.9713,-81.9923,37.805,133,122,0.001563703
-81.7138,37.9713,-81.9893,38.2387,133,175,0.083634755
-79.8003,39.5512,-80.1696,39.5013,134,153,0.001620613
-80.5419,37.5905,-80.8865,37.7243,135,170,0.000111045
-80.5419,37.5905,-80.8576,37.373000000000005,135,60,0.001611441
-81.3572,37.3675,-81.1501,37.1521,136,72,0.010286799
-79.8967,38.7968,-79.9505,38.9783,137,147,0.005335321
-79.9868,39.6587,-79.8003,39.5512,138,134,0.014441715
-81.3502,38.486,-81.3531,38.8025,141,161,0.053279335
-82.3188,38.4154,-82.4415,38.2254,142,129,0.001766940
-80.6102,40.2811,-80.652,40.3653,143,319,0.001518539
-80.6102,40.2811,-80.6951,40.0753,143,166,0.001782939
-80.7335,39.9854,-80.6951,40.0753,144,166,0.001674132
-80.7335,39.9854,-81.0354,39.8489,144,317,0.004581056
-78.4553,39.5313,-78.3319,39.264,145,71,0.000782841
-79.9505,38.9783,-79.6455,39.0813,147,124,0.388155190
-81.0962,38.8015,-81.3531,38.8025,148,161,0.079755324
-82.1696,37.6262,-82.4223,37.8416,151,447,0.003574418
-78.9223,39.336999999999996,-78.5228,39.3732,152,165,0.009587653
-78.9223,39.336999999999996,-79.3662,39.2711,152,130,0.011128770
-80.1696,39.5013,-80.1287,39.2666,153,150,0.105538498
-80.0915,38.2746,-80.3731,38.4604,154,155,0.007486572
-80.0915,38.2746,-79.6403,38.3237,154,59,0.045599941
-80.3731,38.4604,-80.8512,38.2001,155,164,0.001170305
-82.1706,38.6663,-82.1463,38.8862,156,296,0.000590178
-80.8979,38.5632,-81.0962,38.8015,157,148,0.041293152
-80.2279,38.9927,-80.1287,39.2666,158,150,0.077727233
-81.0815,38.4662,-80.8979,38.5632,159,157,0.004905756
-81.4179,37.7154,-81.4371,37.9443,160,131,0.000403354
-81.4179,37.7154,-81.7138,37.9713,160,133,0.006159925
-81.3531,38.8025,-81.0962,38.8015,161,148,0.042938738
-80.7316,39.5689,-80.7335,39.9854,162,144,0.001381120
-80.9496,38.9815,-81.1709,39.1226,163,171,0.027220149
-80.9496,38.9815,-80.7407,39.1254,163,176,0.007936380
-80.8512,38.2001,-80.8979,38.5632,164,157,0.001200673
-80.8512,38.2001,-81.0795,37.9607,164,125,0.010327265
-78.5228,39.3732,-78.3681,39.0551,165,48,0.007349495
-80.6951,40.0753,-80.7335,39.9854,166,144,0.002186553
-80.6951,40.0753,-80.6102,40.2811,166,143,0.018497460
-77.9779,39.458,-77.7517,39.3242,167,127,0.001267300
-77.9779,39.458,-78.1745,39.1734,167,38,0.004310615
-80.4715,37.7503,-80.8865,37.7243,168,170,0.004515814
-81.2401,39.3201,-81.513,39.1806,169,139,0.000355549
-80.8865,37.7243,-80.964,37.4362,170,132,0.000095170
-80.8865,37.7243,-81.0795,37.9607,170,125,0.033046543
-81.1709,39.1226,-81.2401,39.3201,171,169,0.168102247
-81.1709,39.1226,-81.3975,39.0618,171,172,0.479602464
-80.9351,39.6035,-80.7316,39.5689,173,162,0.011112540
-80.6551,39.0393,-80.7407,39.1254,174,176,0.007428090
-80.6551,39.0393,-80.9496,38.9815,174,163,0.000044374
-80.7407,39.1254,-80.6551,39.0393,176,174,0.003494569
-80.7407,39.1254,-81.1709,39.1226,176,171,0.104448422
-79.67699999999999,40.3312,-79.9986,39.9476,177,222,0.004255982
-75.4338,39.894,-75.2744,40.2111,178,183,0.000490371
-75.4338,39.894,-75.885,39.9639,178,201,0.000698412
-79.8736,41.4998,-80.0893,41.1572,180,218,0.000470355
-80.4091,40.3264,-80.652,40.3653,181,319,0.000283819
-76.44800000000001,40.336999999999996,-76.8843,40.2752,182,230,0.000130708
-75.2744,40.2111,-75.4338,39.894,183,178,0.000454939
-77.0278,40.3951,-76.8843,40.2752,184,230,0.000006744
-77.0278,40.3951,-77.11399999999999,40.6868,184,239,0.009604910
-78.8446,40.4111,-79.1646,40.6783,185,212,0.000374593
-80.1873,40.4001,-80.4091,40.3264,186,181,0.000886837
-80.1873,40.4001,-80.6102,40.2811,186,143,0.005178844
-75.666,41.4846,-75.8214,41.3338,187,194,0.000535749
-76.1391,40.3495,-75.885,39.9639,188,201,0.000240251
-80.4738,40.5989,-80.652,40.3653,189,319,0.004313855
-80.4738,40.5989,-80.5998,40.6179,189,126,0.000898265
-75.2731,41.3957,-75.183,41.4045,190,242,0.005473010
-75.8762,41.8332,-76.0457,41.6119,191,234,0.001529419
-75.8762,41.8332,-75.666,41.4846,191,187,0.000137418
-74.8852,40.1015,-75.134,40.0076,192,243,0.000052295
-76.235,40.8565,-76.4969,41.0177,193,227,0.000130216
-75.8214,41.3338,-76.0457,41.6119,194,234,0.001409413
-79.4603,40.9185,-79.3803,41.2106,195,210,0.005603683
-77.3107,40.7078,-77.11399999999999,40.6868,196,239,0.001444534
-75.2024,40.6295,-75.5072,40.6666,197,211,0.000205106
-78.1697,40.3821,-77.8141,40.5331,198,217,0.020225005
-76.5841,39.9163,-76.44800000000001,40.336999999999996,199,182,0.004082815
-78.7749,41.1062,-78.8765,40.9702,200,220,0.001957509
-78.7749,41.1062,-79.1646,40.6783,200,212,0.001823221
-75.885,39.9639,-76.3275,39.832,201,205,0.001993400
-79.74,40.9505,-79.3803,41.2106,202,210,0.006976247
-78.66,41.8694,-79.0941,41.7806,203,206,0.002874081
-77.5306,41.0094,-77.3107,40.7078,204,196,0.002793416
-76.3275,39.832,-75.885,39.9639,205,201,0.002963141
-79.0941,41.7806,-78.6869,41.5726,206,231,0.002625149
-79.0941,41.7806,-78.66,41.8694,206,203,0.001233295
-79.44800000000001,41.4937,-79.3803,41.2106,207,210,0.011983667
-77.1569,39.8826,-76.8843,40.2752,208,230,0.000496510
-75.418,41.177,-75.183,41.4045,209,242,0.000305126
-75.418,41.177,-75.2731,41.3957,209,190,0.000002810
-79.3803,41.2106,-79.44800000000001,41.4937,210,207,0.008755748
-79.3803,41.2106,-79.74,40.9505,210,202,0.002359936
-75.5072,40.6666,-75.7009,40.8289,211,179,0.001475149
-75.5072,40.6666,-75.2744,40.2111,211,183,0.004864494
-79.1646,40.6783,-78.8765,40.9702,212,220,0.001160263
-76.9274,40.2422,-77.0278,40.3951,213,184,0.000667092
-76.9274,40.2422,-76.8843,40.2752,213,230,0.000098980
-76.1763,41.7606,-76.5832,41.4102,214,232,0.145260069
-78.5075,40.2592,-78.8446,40.4111,215,185,0.000337463
-78.5075,40.2592,-78.1697,40.3821,215,198,0.001241326
-77.7057,40.98,-77.8141,40.5331,216,217,0.011116413
-77.7057,40.98,-77.3107,40.7078,216,196,0.002219139
-77.8141,40.5331,-78.1697,40.3821,217,198,0.004799312
-77.8141,40.5331,-78.2272,40.6864,217,221,0.000252658
-80.0893,41.1572,-80.2625,40.8618,218,223,0.003424379
-80.0893,41.1572,-79.8736,41.4998,218,180,0.004182748
-76.9455,41.3265,-76.635,40.9865,219,238,0.002945693
-78.8765,40.9702,-79.1646,40.6783,220,212,0.000765324
-78.8765,40.9702,-79.3803,41.2106,220,210,0.007434461
-78.2272,40.6864,-77.8141,40.5331,221,217,0.002370803
-79.9986,39.9476,-79.9868,39.6587,222,138,0.000013072
-80.2625,40.8618,-80.675,40.8871,223,299,0.000437082
-77.069,41.6795,-76.9455,41.3265,224,219,0.000012206
-77.069,41.6795,-77.1564,40.9002,224,237,0.043482839
-77.515,39.7243,-77.7517,39.3242,225,127,0.001685604
-77.515,39.7243,-77.9958,39.931999999999995,225,240,0.015643523
-79.5872,40.0903,-79.67699999999999,40.3312,226,177,0.000093084
-76.4969,41.0177,-76.635,40.9865,227,238,0.000262852
-76.4969,41.0177,-76.6713,40.7841,227,233,0.001394050
-78.77199999999999,39.9834,-78.4553,39.5313,228,145,0.007297514
-79.8333,42.2134,-79.8736,41.4998,229,180,0.001657252
-79.8333,42.2134,-79.44800000000001,41.4937,229,207,0.019628480
-76.8843,40.2752,-76.9274,40.2422,230,213,0.000771023
-76.8843,40.2752,-76.44800000000001,40.336999999999996,230,182,0.000790953
-78.6869,41.5726,-79.0941,41.7806,231,206,0.007645906
-76.5832,41.4102,-76.4969,41.0177,232,227,0.006710751
-76.5832,41.4102,-76.635,40.9865,232,238,0.005765823
-76.6713,40.7841,-76.4969,41.0177,233,227,0.000837722
-76.0457,41.6119,-75.8762,41.8332,234,191,0.003962756
-76.0457,41.6119,-76.1763,41.7606,234,214,0.001015724
-78.1989,41.4148,-78.0205,41.9207,235,241,0.004142765
-78.1989,41.4148,-78.66,41.8694,235,203,0.027644749
-79.8364,41.8176,-79.8333,42.2134,236,229,0.000790188
-77.1564,40.9002,-77.11399999999999,40.6868,237,239,0.005458691
-76.635,40.9865,-76.4969,41.0177,238,227,0.002719217
-76.635,40.9865,-76.235,40.8565,238,193,0.000599504
-77.11399999999999,40.6868,-77.1564,40.9002,239,237,0.011127853
-77.11399999999999,40.6868,-77.0278,40.3951,239,184,0.000200312
-77.9958,39.931999999999995,-77.9779,39.458,240,167,0.003662318
-78.0205,41.9207,-78.1989,41.4148,241,235,0.071397210
-78.0205,41.9207,-78.6869,41.5726,241,231,0.012198074
-75.183,41.4045,-75.418,41.177,242,209,0.000188515
-75.183,41.4045,-75.666,41.4846,242,187,0.000085426
-75.134,40.0076,-74.8852,40.1015,243,192,0.000050666
-75.134,40.0076,-75.4338,39.894,243,178,0.000044466
-82.80799999999999,41.4011,-83.3218,41.388000000000005,244,284,0.000341310
-84.2693,41.0997,-84.2855,41.3259,245,275,0.000787487
-84.2693,41.0997,-83.9415,41.371,245,246,0.015275176
-83.9415,41.371,-84.2855,41.3259,246,275,0.001092745
-81.9157,41.3128,-82.0122,41.0348,247,297,0.000219268
-81.9157,41.3128,-81.5348,41.4948,247,252,0.000161865
-83.4363,41.3236,-83.3218,41.388000000000005,248,284,0.000161952
-83.58200000000001,41.6639,-83.4363,41.3236,249,248,0.001810188
-82.84200000000001,38.7383,-82.9371,38.3318,250,396,0.003399717
-82.01799999999999,39.9037,-81.9154,39.7373,251,331,0.001963338
-82.01799999999999,39.9037,-82.4129,39.9595,251,291,0.000173410
-81.5348,41.4948,-81.9157,41.3128,252,247,0.001291714
-84.76299999999999,39.1864,-84.6731,38.9472,253,350,0.000504888
-84.76299999999999,39.1864,-84.5652,39.3938,253,270,0.000446393
-83.5444,40.4007,-83.2628,40.3533,254,266,0.002210473
-83.5444,40.4007,-83.5114,40.8064,254,326,0.000658094
-84.41799999999999,41.5024,-84.2693,41.0997,255,245,0.025470152
-84.41799999999999,41.5024,-84.2855,41.3259,255,275,0.001123594
-84.1532,39.2325,-84.4815,39.0401,256,385,0.002039668
-84.7746,40.8006,-84.7761,40.4113,257,309,0.000155103
-84.7746,40.8006,-84.6384,40.2802,257,315,0.008497441
-82.5049,40.5342,-82.4502,40.9345,258,268,0.000011070
-83.3285,41.2162,-83.4363,41.3236,259,248,0.000448755
-83.8235,40.9348,-83.5114,40.8064,260,326,0.001040333
-82.4271,39.921,-82.4129,39.9595,261,291,0.000150208
-81.1313,40.1621,-81.2824,39.9156,262,287,0.003242625
-82.6108,39.1117,-82.5243,39.1591,263,324,0.000142654
-82.6108,39.1117,-82.5993,39.4187,263,329,0.002996287
-82.03399999999999,39.0292,-81.8235,38.8656,264,149,0.002328357
-82.03399999999999,39.0292,-82.1261,39.4005,264,289,0.004177717
-83.5564,39.6522,-83.8109,39.3224,265,298,0.001959340
-83.5564,39.6522,-83.2993,39.9487,265,283,0.000310934
-83.2628,40.3533,-83.2077,40.5321,266,328,0.000274268
-83.2628,40.3533,-83.08,40.1679,266,320,0.000049718
-82.4915,41.2508,-82.4502,40.9345,267,268,0.000246142
-82.4915,41.2508,-82.2818,40.9214,267,273,0.000324109
-82.4502,40.9345,-82.6618,40.6209,268,279,0.001343698
-82.4502,40.9345,-82.4915,41.2508,268,267,0.002935606
-84.3165,39.7927,-84.0243,39.8862,269,323,0.001292299
-84.3165,39.7927,-84.7133,39.7917,269,312,0.000196063
-84.5652,39.3938,-84.5675,39.0338,270,345,0.000360568
-84.5652,39.3938,-84.4815,39.0401,270,385,0.000329366
-81.4165,40.8159,-81.495,40.5609,271,274,0.000780087
-81.9948,40.9864,-82.2818,40.9214,272,273,0.000008897
-81.9948,40.9864,-82.0122,41.0348,272,297,0.000170883
-82.2818,40.9214,-81.9948,40.9864,273,272,0.000687770
-82.2818,40.9214,-82.0122,41.0348,273,297,0.001082768
-81.495,40.5609,-81.4165,40.8159,274,271,0.000295942
-81.495,40.5609,-81.2812,40.2737,274,290,0.017287863
-84.2855,41.3259,-84.41799999999999,41.5024,275,255,0.000091480
-84.2855,41.3259,-83.9415,41.371,275,246,0.001785470
-83.7878,38.8673,-84.0666,38.6818,277,380,0.003166838
-83.7878,38.8673,-83.9191,38.7054,277,438,0.001445793
-83.0703,39.8665,-82.7779,39.554,278,280,0.001486201
-82.6618,40.6209,-82.5049,40.5342,279,258,0.004156410
-82.6618,40.6209,-82.7773,40.7392,279,316,0.000806166
-81.5219,41.0802,-81.5348,41.4948,281,252,0.000043419
-81.7517,40.2761,-81.5868,40.0221,282,308,0.001591047
-83.2993,39.9487,-83.5564,39.6522,283,265,0.003588402
-83.3218,41.388000000000005,-83.4363,41.3236,284,248,0.000230703
-81.0231,40.9207,-81.0031,40.5209,285,322,0.013317906
-84.1236,39.3496,-84.1532,39.2325,286,256,0.000012324
-84.1236,39.3496,-84.5652,39.3938,286,270,0.000048275
-81.2824,39.9156,-81.1313,40.1621,287,262,0.008295712
-84.7378,41.1798,-84.7746,40.8006,288,257,0.000354933
-82.1261,39.4005,-82.03399999999999,39.0292,289,264,0.003641514
-81.2812,40.2737,-81.1313,40.1621,290,262,0.002163428
-82.4129,39.9595,-82.5446,39.8426,291,293,0.000673079
-82.4488,38.4298,-82.3188,38.4154,292,142,0.000047216
-82.5446,39.8426,-82.4129,39.9595,293,291,0.001098915
-81.469,41.6072,-81.5348,41.4948,294,252,0.000016448
-81.469,41.6072,-81.5219,41.0802,294,281,0.000165674
-81.4562,39.6314,-81.2824,39.9156,295,287,0.005153181
-81.4562,39.6314,-81.2401,39.3201,295,169,0.004179972
-82.1463,38.8862,-81.8235,38.8656,296,149,0.001763004
-82.0122,41.0348,-81.9948,40.9864,297,272,0.000048547
-82.0122,41.0348,-82.2818,40.9214,297,273,0.001817103
-83.8109,39.3224,-84.1532,39.2325,298,256,0.001912472
-80.675,40.8871,-80.5998,40.6179,299,126,0.000710631
-80.675,40.8871,-80.4738,40.5989,299,189,0.000544339
-84.0848,40.8305,-84.2693,41.0997,300,245,0.005647707
-83.9053,41.7113,-83.58200000000001,41.6639,301,249,0.000016616
-83.9053,41.7113,-83.9415,41.371,301,246,0.006139080
-80.6656,41.461999999999996,-80.6173,41.8567,302,276,0.001984571
-83.9635,40.2174,-84.0243,39.8862,303,323,0.000112518
-83.9635,40.2174,-83.5444,40.4007,303,254,0.001116756
-83.1842,39.4069,-82.7779,39.554,304,280,0.001584241
-83.7431,39.6598,-83.8109,39.3224,305,298,0.000576350
-81.9164,40.5533,-81.9948,40.9864,306,272,0.002187924
-84.2597,40.4389,-83.9635,40.2174,307,303,0.000438067
-81.5868,40.0221,-81.2824,39.9156,308,287,0.001358875
-84.7761,40.4113,-84.7746,40.8006,309,257,0.000763434
-84.7761,40.4113,-84.6384,40.2802,309,315,0.003268795
-81.0501,41.0245,-81.0231,40.9207,310,285,0.000136327
-81.0501,41.0245,-80.675,40.8871,310,299,0.000005533
-82.8369,41.5853,-83.3218,41.388000000000005,311,284,0.000648607
-84.7133,39.7917,-84.5652,39.3938,312,270,0.001296767
-83.4713,38.8559,-83.7878,38.8673,313,277,0.000308859
-83.4713,38.8559,-83.9191,38.7054,313,438,0.005105988
-82.9102,39.1517,-83.1842,39.4069,314,304,0.000342624
-84.6384,40.2802,-84.4084,39.9951,315,325,0.000035268
-84.6384,40.2802,-84.7761,40.4113,315,309,0.000674763
-82.7773,40.7392,-82.6618,40.6209,316,279,0.000773022
-82.7773,40.7392,-82.5049,40.5342,316,258,0.002671788
-81.0354,39.8489,-80.9351,39.6035,317,173,0.009681998
-83.3836,40.95,-83.3285,41.2162,318,259,0.000350388
-80.652,40.3653,-80.5998,40.6179,319,126,0.000161605
-83.08,40.1679,-83.2628,40.3533,320,266,0.000819944
-83.08,40.1679,-83.2993,39.9487,320,283,0.000350256
-81.0591,41.3722,-81.0231,40.9207,321,285,0.000005417
-81.0031,40.5209,-81.1313,40.1621,322,262,0.004096851
-81.0031,40.5209,-81.2812,40.2737,322,290,0.016087310
-84.0243,39.8862,-83.7431,39.6598,323,305,0.004904264
-82.5243,39.1591,-82.5993,39.4187,324,329,0.000086770
-82.5243,39.1591,-82.6108,39.1117,324,263,0.000320116
-84.4084,39.9951,-84.3165,39.7927,325,269,0.000042235
-84.4084,39.9951,-84.6384,40.2802,325,315,0.001711777
-83.5114,40.8064,-83.8235,40.9348,326,260,0.000978812
-83.5114,40.8064,-83.3836,40.95,326,318,0.001843573
-83.3871,39.0747,-83.1842,39.4069,327,304,0.000628855
-83.2077,40.5321,-83.08,40.1679,328,320,0.000193258
-83.2077,40.5321,-83.2628,40.3533,328,266,0.000081871
-82.5993,39.4187,-82.7779,39.554,329,280,0.000214574
-84.146,40.6513,-84.2597,40.4389,330,307,0.000286817
-84.146,40.6513,-83.8235,40.9348,330,260,0.000995540
-81.9154,39.7373,-82.1261,39.4005,331,289,0.000583831
-81.9154,39.7373,-81.5868,40.0221,331,308,0.000006639
-83.3185,38.2529,-83.6341,38.2126,332,365,0.004087585
-85.6333,38.2907,-85.4839,38.3355,333,340,0.001689236
-83.2752,37.2245,-83.4585,37.4215,334,353,0.002753339
-86.6304,37.8312,-86.7728,37.5589,335,337,0.000717104
-86.6304,37.8312,-86.7561,37.8962,335,419,0.084466956
-88.4381,36.5892,-88.4656,36.867,336,392,0.018731764
-88.4381,36.5892,-88.5692,36.5603,336,358,0.003703387
-86.7728,37.5589,-86.6304,37.8312,337,335,0.003484684
-86.7728,37.5589,-86.7561,37.8962,337,419,0.055175917
-82.7994,37.451,-82.7493,37.1638,338,367,0.004341070
-83.6156,38.1193,-83.6341,38.2126,339,365,0.001399647
-85.4839,38.3355,-85.3174,38.5955,340,444,0.019635680
-87.8909,37.5584,-88.1411,37.2198,341,420,0.028240772
-87.8909,37.5584,-87.7342,37.4662,341,362,0.003825517
-84.4699,38.2204,-84.1101,38.1425,342,399,0.018611208
-84.1004,36.9321,-83.7635,37.1464,343,427,0.003222649
-84.1004,36.9321,-83.7598,36.8353,343,377,0.000565567
-87.6885,37.1737,-87.7342,37.4662,344,362,0.027379635
-84.5675,39.0338,-84.6731,38.9472,345,350,0.000010899
-84.5675,39.0338,-84.76299999999999,39.1864,345,253,0.000079272
-84.6329,37.1745,-84.8506,36.8404,346,430,0.004007120
-84.3311,38.6708,-84.0666,38.6818,347,380,0.012152749
-84.3311,38.6708,-84.2366,38.5426,347,369,0.000726414
-87.2125,37.1231,-87.2425,37.01,348,366,0.000006643
-85.6927,36.7012,-85.6187,36.9841,349,364,0.042938414
-84.6731,38.9472,-84.4815,39.0401,350,385,0.000080947
-82.0632,37.4807,-81.9923,37.805,351,122,0.001240048
-85.9915,37.9366,-85.7146,38.0645,352,431,0.001995434
-83.4585,37.4215,-83.6085,37.6023,353,448,0.015307608
-85.0683,36.8051,-85.0683,36.995,354,434,0.000494645
-83.0488,37.9734,-83.0188,38.1879,355,440,0.003808589
-83.0488,37.9734,-83.1516,37.7015,355,405,0.006416725
-85.9358,37.8193,-85.7146,38.0645,356,431,0.001399991
-83.4045,36.8155,-83.3907,36.954,357,363,0.001507221
-83.4045,36.8155,-83.7598,36.8353,357,377,0.001523947
-88.5692,36.5603,-88.4656,36.867,358,392,0.022433456
-83.9691,37.9059,-83.9685,37.6969,359,406,0.000794033
-83.9691,37.9059,-84.1908,38.0014,359,371,0.002903847
-85.2196,37.8996,-85.0744,38.137,360,436,0.005743433
-82.6735,37.9459,-82.8382,37.8806,361,404,0.003413768
-87.7342,37.4662,-87.6885,37.1737,362,344,0.001984279
-83.3907,36.954,-83.4045,36.8155,363,357,0.000063581
-83.3907,36.954,-83.1152,36.6871,363,26,0.000655953
-85.6187,36.9841,-85.6927,36.7012,364,349,0.004057879
-83.6341,38.2126,-83.4596,37.9554,365,398,0.002430224
-83.6341,38.2126,-83.6156,38.1193,365,339,0.000404229
-87.2425,37.01,-87.2125,37.1231,366,348,0.000598666
-82.7493,37.1638,-82.626,36.9317,367,114,0.065260346
-82.7493,37.1638,-82.7774,36.8615,367,13,0.000557463
-88.8827,37.0846,-88.8869,36.9081,368,387,0.009272168
-88.8827,37.0846,-89.102,36.7596,368,402,0.240483781
-84.2366,38.5426,-84.3311,38.6708,369,347,0.000860170
-85.3689,37.4256,-84.9875,37.4551,370,383,0.000981844
-85.3689,37.4256,-85.3197,37.1803,370,388,0.009570218
-84.1908,38.0014,-83.9691,37.9059,371,359,0.000227260
-84.1908,38.0014,-84.1101,38.1425,371,399,0.004368013
-83.5166,37.8301,-83.4596,37.9554,372,398,0.047386918
-85.7353,37.5668,-85.7672,37.2903,373,389,0.000486837
-85.7353,37.5668,-85.3689,37.4256,373,370,0.001979978
-86.4371,36.9725,-86.2961,36.7956,374,443,0.006632157
-86.4371,36.9725,-86.2847,37.2895,374,442,0.016745525
-84.4094,37.6167,-84.2928,37.724000000000004,375,401,0.000290395
-84.4094,37.6167,-84.6545,37.8787,375,411,0.001606799
-83.8774,36.5942,-84.1004,36.9321,376,343,0.000218423
-83.8774,36.5942,-84.161,37.0037,376,425,0.000450010
-83.7598,36.8353,-84.1004,36.9321,377,343,0.000700540
-83.7598,36.8353,-83.7635,37.1464,377,427,0.000222671
-87.4875,37.12,-87.2425,37.01,378,366,0.043953063
-87.4875,37.12,-87.2125,37.1231,378,348,0.004551515
-85.0681,38.6098,-84.8239,38.7252,379,409,0.030735710
-84.0666,38.6818,-83.9191,38.7054,380,438,0.002032379
-84.5966,38.7326,-84.8239,38.7252,381,409,0.020961086
-83.9735,37.5751,-83.9691,37.9059,382,359,0.001641856
-84.9875,37.4551,-84.7903,37.5855,383,407,0.000030435
-87.3542,37.8512,-87.7342,37.4662,384,362,0.008774939
-87.3542,37.8512,-86.9805,37.7892,384,403,0.001138503
-84.4815,39.0401,-84.6731,38.9472,385,350,0.000111112
-84.4815,39.0401,-84.5675,39.0338,385,345,0.000065537
-82.7816,38.3354,-82.9371,38.3318,386,396,0.003050773
-88.8869,36.9081,-88.8827,37.0846,387,368,0.062045266
-88.8869,36.9081,-88.61200000000001,36.9728,387,433,0.004100484
-85.3197,37.1803,-85.2625,37.5156,388,390,0.016084657
-85.7672,37.2903,-85.6187,36.9841,389,364,0.047477990
-85.2625,37.5156,-84.9875,37.4551,390,383,0.001900373
-85.2625,37.5156,-85.3689,37.4256,390,370,0.003138116
-87.709,36.9551,-87.6885,37.1737,391,344,0.001949486
-87.709,36.9551,-87.4875,37.12,391,378,0.000190121
-88.4656,36.867,-88.61200000000001,36.9728,392,433,0.002413853
-88.4656,36.867,-88.5692,36.5603,392,358,0.007368850
-85.0701,37.7355,-85.2625,37.5156,394,390,0.002694296
-85.0701,37.7355,-84.9097,37.6965,394,415,0.000908512
-84.9769,38.6134,-84.8239,38.7252,395,409,0.020519043
-84.9769,38.6134,-84.8955,38.3228,395,421,0.003116805
-82.9371,38.3318,-82.6911,38.4949,396,423,0.005350289
-82.9371,38.3318,-83.0188,38.1879,396,440,0.009767839
-84.5255,38.1059,-84.4699,38.2204,397,342,0.000141237
-83.4596,37.9554,-83.5166,37.8301,398,372,0.024912024
-84.1101,38.1425,-83.8925,37.997,399,432,0.001421065
-85.3036,38.4623,-85.3174,38.5955,400,444,0.013837477
-84.2928,37.724000000000004,-83.9685,37.6969,401,406,0.001098448
-89.102,36.7596,-88.8827,37.0846,402,368,0.370904033
-86.9805,37.7892,-86.7728,37.5589,403,337,0.000374266
-82.8382,37.8806,-83.0188,38.1879,404,440,0.012692489
-83.1516,37.7015,-82.8382,37.8806,405,404,0.003216245
-83.9685,37.6969,-83.9735,37.5751,406,382,0.001388208
-83.9685,37.6969,-83.9691,37.9059,406,359,0.003008631
-84.7903,37.5855,-84.7579,37.453,407,426,0.001594210
-86.7419,36.95,-86.7347,36.7509,408,435,0.012903973
-84.8239,38.7252,-84.9769,38.6134,409,395,0.000214051
-84.8239,38.7252,-84.5966,38.7326,409,381,0.000596320
-83.2524,38.354,-83.3185,38.2529,410,332,0.000748130
-83.2524,38.354,-83.0188,38.1879,410,440,0.007104570
-84.6545,37.8787,-84.9097,37.6965,411,415,0.002461806
-88.0604,37.2085,-88.3589,37.2456,412,429,0.081684980
-83.8866,38.302,-84.1101,38.1425,413,399,0.006479899
-84.4144,37.4027,-84.4094,37.6167,414,375,0.000028435
-84.4144,37.4027,-84.2928,37.724000000000004,414,401,0.000217615
-84.9097,37.6965,-85.0701,37.7355,415,394,0.000738782
-84.7563,37.972,-84.5255,38.1059,416,397,0.000128396
-84.7563,37.972,-84.6545,37.8787,416,411,0.001569916
-87.1342,37.4919,-86.7728,37.5589,417,337,0.004429018
-87.1342,37.4919,-86.9805,37.7892,417,403,0.004176869
-85.9264,37.0048,-85.6187,36.9841,418,364,0.065305746
-88.1411,37.2198,-88.0604,37.2085,420,412,0.004586337
-88.1411,37.2198,-88.3589,37.2456,420,429,0.015070450
-84.8955,38.3228,-84.935,38.089,421,441,0.008900385
-84.4395,36.6648,-84.1004,36.9321,422,343,0.001986175
-84.4395,36.6648,-84.161,37.0037,422,425,0.002340105
-82.6911,38.4949,-82.84200000000001,38.7383,423,250,0.000122612
-88.9353,36.5767,-88.8869,36.9081,424,387,0.069067050
-88.9353,36.5767,-88.5692,36.5603,424,358,0.014273085
-84.161,37.0037,-84.1004,36.9321,425,343,0.000338011
-84.7579,37.453,-84.9875,37.4551,426,383,0.001639780
-83.7635,37.1464,-83.6802,37.4743,427,449,0.020717265
-83.7635,37.1464,-84.1004,36.9321,427,343,0.001525980
-85.1511,38.0562,-85.2196,37.8996,428,360,0.004348721
-88.3589,37.2456,-88.1411,37.2198,429,420,0.013167326
-84.8506,36.8404,-85.0683,36.8051,430,354,0.005167436
-84.8506,36.8404,-85.0683,36.995,430,434,0.000221118
-85.7146,38.0645,-85.6333,38.2907,431,333,0.000061540
-85.7146,38.0645,-85.9915,37.9366,431,352,0.012353439
-83.8925,37.997,-83.9691,37.9059,432,359,0.002231777
-83.8925,37.997,-84.1101,38.1425,432,399,0.000367462
-88.61200000000001,36.9728,-88.4656,36.867,433,392,0.004676393
-85.0683,36.995,-85.0683,36.8051,434,354,0.010572005
-86.7347,36.7509,-86.4371,36.9725,435,374,0.003693873
-85.0744,38.137,-84.935,38.089,436,441,0.001043009
-86.8921,37.2093,-86.7419,36.95,437,408,0.000977567
-86.8921,37.2093,-86.7728,37.5589,437,337,0.008272121
-83.9191,38.7054,-84.0666,38.6818,438,380,0.002242544
-83.9191,38.7054,-84.0358,38.5317,438,446,0.025258090
-86.226,37.4937,-86.2847,37.2895,439,442,0.007107286
-83.0188,38.1879,-83.0488,37.9734,440,355,0.011355086
-83.0188,38.1879,-82.9371,38.3318,440,396,0.000903216
-84.935,38.089,-84.7563,37.972,441,416,0.000268282
-86.2847,37.2895,-86.226,37.4937,442,439,0.001362767
-86.2847,37.2895,-85.9264,37.0048,442,418,0.002928569
-86.2961,36.7956,-85.9264,37.0048,443,418,0.011709544
-86.2961,36.7956,-86.7347,36.7509,443,435,0.015925704
-85.3174,38.5955,-85.3036,38.4623,444,400,0.001670741
-85.3174,38.5955,-85.4839,38.3355,444,340,0.002978715
-83.0941,37.4957,-83.1516,37.7015,445,405,0.002379388
-83.0941,37.4957,-83.2752,37.2245,445,334,0.001385955
-84.0358,38.5317,-83.9191,38.7054,446,438,0.003455840
-82.4223,37.8416,-82.1696,37.6262,447,151,0.003589891
-82.4223,37.8416,-82.4415,38.2254,447,129,0.004124932
-83.6085,37.6023,-83.4585,37.4215,448,353,0.004103584
-83.6085,37.6023,-83.6802,37.4743,448,449,0.010262433
-83.6802,37.4743,-83.6085,37.6023,449,448,0.000724326
-83.6802,37.4743,-83.9735,37.5751,449,382,0.002543935
-85.5053,36.8319,-85.6187,36.9841,450,364,0.028228547
-85.5053,36.8319,-85.3197,37.1803,450,388,0.001213419
