year,loc_x,loc_y,real_count
0,-80.4405,37.0675,197
1,-80.4405,37.0675,147
2,-80.4405,37.0675,132
3,-80.4405,37.0675,172
4,-80.4405,37.0675,146
5,-80.4405,37.0675,174
6,-80.4405,37.0675,160
7,-80.4405,37.0675,203
0,-77.9267,37.5427,34
1,-77.9267,37.5427,15
2,-77.9267,37.5427,7
3,-77.9267,37.5427,29
4,-77.9267,37.5427,47
5,-77.9267,37.5427,30
6,-77.9267,37.5427,41
7,-77.9267,37.5427,61
0,-79.5431,37.6301,19
1,-79.5431,37.6301,16
2,-79.5431,37.6301,29
3,-79.5431,37.6301,38
4,-79.5431,37.6301,37
5,-79.5431,37.6301,56
6,-79.5431,37.6301,50
7,-79.5431,37.6301,51
0,-77.4322,37.6274,245
1,-77.4322,37.6274,284
2,-77.4322,37.6274,337
3,-77.4322,37.6274,432
4,-77.4322,37.6274,584
5,-77.4322,37.6274,802
6,-77.4322,37.6274,950
7,-77.4322,37.6274,1039
0,-77.4448,38.7717,29
1,-77.4448,38.7717,4
2,-77.4448,38.7717,1
3,-77.4448,38.7717,15
4,-77.4448,38.7717,0
5,-77.4448,38.7717,4
6,-77.4448,38.7717,4
7,-77.4448,38.7717,1
0,-82.3763,37.1026,78
1,-82.3763,37.1026,64
2,-82.3763,37.1026,37
3,-82.3763,37.1026,71
4,-82.3763,37.1026,82
5,-82.3763,37.1026,54
6,-82.3763,37.1026,51
7,-82.3763,37.1026,113
0,-76.3477,37.8832,5
1,-76.3477,37.8832,3
2,-76.3477,37.8832,4
3,-76.3477,37.8832,4
4,-76.3477,37.8832,6
5,-76.3477,37.8832,32
6,-76.3477,37.8832,71
7,-76.3477,37.8832,15
0,-77.1579,38.8514,421
1,-77.1579,38.8514,533
2,-77.1579,38.8514,632
3,-77.1579,38.8514,623
4,-77.1579,38.8514,516
5,-77.1579,38.8514,603
6,-77.1579,38.8514,859
7,-77.1579,38.8514,819
0,-78.7284,36.839,44
1,-78.7284,36.839,45
2,-78.7284,36.839,37
3,-78.7284,36.839,58
4,-78.7284,36.839,58
5,-78.7284,36.839,32
6,-78.7284,36.839,27
7,-78.7284,36.839,86
0,-78.1638,37.7533,6
1,-78.1638,37.7533,27
2,-78.1638,37.7533,14
3,-78.1638,37.7533,6
4,-78.1638,37.7533,18
5,-78.1638,37.7533,17
6,-78.1638,37.7533,50
7,-78.1638,37.7533,23
0,-79.0087,38.1939,35
1,-79.0087,38.1939,41
2,-79.0087,38.1939,33
3,-79.0087,38.1939,17
4,-79.0087,38.1939,87
5,-79.0087,38.1939,59
6,-79.0087,38.1939,88
7,-79.0087,38.1939,59
0,-77.4655,38.3319,166
1,-77.4655,38.3319,213
2,-77.4655,38.3319,284
3,-77.4655,38.3319,265
4,-77.4655,38.3319,230
5,-77.4655,38.3319,301
6,-77.4655,38.3319,392
7,-77.4655,38.3319,403
0,-77.4712,39.0302,149
1,-77.4712,39.0302,192
2,-77.4712,39.0302,169
3,-77.4712,39.0302,165
4,-77.4712,39.0302,175
5,-77.4712,39.0302,258
6,-77.4712,39.0302,201
7,-77.4712,39.0302,179
0,-82.7774,36.8615,303
1,-82.7774,36.8615,323
2,-82.7774,36.8615,337
3,-82.7774,36.8615,369
4,-82.7774,36.8615,283
5,-82.7774,36.8615,276
6,-82.7774,36.8615,110
7,-82.7774,36.8615,135
0,-76.2883,37.4984,6
1,-76.2883,37.4984,2
2,-76.2883,37.4984,16
3,-76.2883,37.4984,20
4,-76.2883,37.4984,26
5,-76.2883,37.4984,45
6,-76.2883,37.4984,12
7,-76.2883,37.4984,4
0,-81.8015,37.2473,143
1,-81.8015,37.2473,98
2,-81.8015,37.2473,114
3,-81.8015,37.2473,129
4,-81.8015,37.2473,117
5,-81.8015,37.2473,146
6,-81.8015,37.2473,159
7,-81.8015,37.2473,174
0,-78.9012,38.0673,7
1,-78.9012,38.0673,0
2,-78.9012,38.0673,2
3,-78.9012,38.0673,24
4,-78.9012,38.0673,0
5,-78.9012,38.0673,0
6,-78.9012,38.0673,0
7,-78.9012,38.0673,6
0,-78.5222,38.041,20
1,-78.5222,38.041,7
2,-78.5222,38.041,15
3,-78.5222,38.041,20
4,-78.5222,38.041,42
5,-78.5222,38.041,41
6,-78.5222,38.041,60
7,-78.5222,38.041,53
0,-81.6257,36.6015,23
1,-81.6257,36.6015,12
2,-81.6257,36.6015,16
3,-81.6257,36.6015,35
4,-81.6257,36.6015,18
5,-81.6257,36.6015,15
6,-81.6257,36.6015,29
7,-81.6257,36.6015,42
0,-78.8828,37.913000000000004,1
1,-78.8828,37.913000000000004,6
2,-78.8828,37.913000000000004,5
3,-78.8828,37.913000000000004,3
4,-78.8828,37.913000000000004,2
5,-78.8828,37.913000000000004,8
6,-78.8828,37.913000000000004,20
7,-78.8828,37.913000000000004,91
0,-79.444,37.7825,3
1,-79.444,37.7825,0
2,-79.444,37.7825,0
3,-79.444,37.7825,5
4,-79.444,37.7825,0
5,-79.444,37.7825,0
6,-79.444,37.7825,0
7,-79.444,37.7825,0
0,-82.2961,36.9791,135
1,-82.2961,36.9791,125
2,-82.2961,36.9791,131
3,-82.2961,36.9791,120
4,-82.2961,36.9791,114
5,-82.2961,36.9791,85
6,-82.2961,36.9791,63
7,-82.2961,36.9791,87
0,-76.8978,36.9052,72
1,-76.8978,36.9052,29
2,-76.8978,36.9052,40
3,-76.8978,36.9052,164
4,-76.8978,36.9052,28
5,-76.8978,36.9052,45
6,-76.8978,36.9052,33
7,-76.8978,36.9052,54
0,-76.8229,38.0941,16
1,-76.8229,38.0941,18
2,-76.8229,38.0941,32
3,-76.8229,38.0941,26
4,-76.8229,38.0941,40
5,-76.8229,38.0941,52
6,-76.8229,38.0941,47
7,-76.8229,38.0941,69
0,-80.3578,36.7168,39
1,-80.3578,36.7168,42
2,-80.3578,36.7168,53
3,-80.3578,36.7168,38
4,-80.3578,36.7168,32
5,-80.3578,36.7168,32
6,-80.3578,36.7168,82
7,-80.3578,36.7168,29
0,-79.9917,36.8293,74
1,-79.9917,36.8293,68
2,-79.9917,36.8293,98
3,-79.9917,36.8293,196
4,-79.9917,36.8293,163
5,-79.9917,36.8293,87
6,-79.9917,36.8293,100
7,-79.9917,36.8293,84
0,-83.1152,36.6871,65
1,-83.1152,36.6871,30
2,-83.1152,36.6871,105
3,-83.1152,36.6871,82
4,-83.1152,36.6871,104
5,-83.1152,36.6871,80
6,-83.1152,36.6871,67
7,-83.1152,36.6871,96
0,-79.2895,37.2338,18
1,-79.2895,37.2338,22
2,-79.2895,37.2338,51
3,-79.2895,37.2338,41
4,-79.2895,37.2338,55
5,-79.2895,37.2338,19
6,-79.2895,37.2338,47
7,-79.2895,37.2338,37
0,-82.7962,36.7196,196
1,-82.7962,36.7196,216
2,-82.7962,36.7196,142
3,-82.7962,36.7196,82
4,-82.7962,36.7196,276
5,-82.7962,36.7196,213
6,-82.7962,36.7196,138
7,-82.7962,36.7196,105
0,-77.7219,36.9853,13
1,-77.7219,36.9853,6
2,-77.7219,36.9853,3
3,-77.7219,36.9853,6
4,-77.7219,36.9853,21
5,-77.7219,36.9853,15
6,-77.7219,36.9853,8
7,-77.7219,36.9853,16
0,-80.6997,36.6771,35
1,-80.6997,36.6771,45
2,-80.6997,36.6771,81
3,-80.6997,36.6771,55
4,-80.6997,36.6771,52
5,-80.6997,36.6771,58
6,-80.6997,36.6771,58
7,-80.6997,36.6771,37
0,-75.7182,37.6917,9
1,-75.7182,37.6917,38
2,-75.7182,37.6917,23
3,-75.7182,37.6917,3
4,-75.7182,37.6917,47
5,-75.7182,37.6917,15
6,-75.7182,37.6917,28
7,-75.7182,37.6917,18
0,-75.8283,37.5295,0
1,-75.8283,37.5295,2
2,-75.8283,37.5295,4
3,-75.8283,37.5295,4
4,-75.8283,37.5295,9
5,-75.8283,37.5295,12
6,-75.8283,37.5295,13
7,-75.8283,37.5295,6
0,-78.1283,36.9608,16
1,-78.1283,36.9608,11
2,-78.1283,36.9608,16
3,-78.1283,36.9608,7
4,-78.1283,36.9608,24
5,-78.1283,36.9608,9
6,-78.1283,36.9608,3
7,-78.1283,36.9608,8
0,-76.538,37.7301,2
1,-76.538,37.7301,9
2,-76.538,37.7301,6
3,-76.538,37.7301,12
4,-76.538,37.7301,5
5,-76.538,37.7301,5
6,-76.538,37.7301,8
7,-76.538,37.7301,9
0,-78.6333,37.494,61
1,-78.6333,37.494,72
2,-78.6333,37.494,82
3,-78.6333,37.494,82
4,-78.6333,37.494,50
5,-78.6333,37.494,73
6,-78.6333,37.494,76
7,-78.6333,37.494,136
0,-79.7872,36.6871,26
1,-79.7872,36.6871,51
2,-79.7872,36.6871,73
3,-79.7872,36.6871,41
4,-79.7872,36.6871,52
5,-79.7872,36.6871,80
6,-79.7872,36.6871,43
7,-79.7872,36.6871,143
0,-77.8267,38.416,101
1,-77.8267,38.416,101
2,-77.8267,38.416,153
3,-77.8267,38.416,140
4,-77.8267,38.416,157
5,-77.8267,38.416,136
6,-77.8267,38.416,204
7,-77.8267,38.416,189
0,-78.1745,39.1734,72
1,-78.1745,39.1734,2
2,-78.1745,39.1734,8
3,-78.1745,39.1734,127
4,-78.1745,39.1734,27
5,-78.1745,39.1734,5
6,-78.1745,39.1734,10
7,-78.1745,39.1734,25
0,-78.1125,38.2484,39
1,-78.1125,38.2484,30
2,-78.1125,38.2484,66
3,-78.1125,38.2484,42
4,-78.1125,38.2484,49
5,-78.1125,38.2484,91
6,-78.1125,38.2484,78
7,-78.1125,38.2484,77
0,-77.6492,37.506,217
1,-77.6492,37.506,289
2,-77.6492,37.506,361
3,-77.6492,37.506,441
4,-77.6492,37.506,601
5,-77.6492,37.506,593
6,-77.6492,37.506,817
7,-77.6492,37.506,727
0,-77.6661,38.6355,112
1,-77.6661,38.6355,178
2,-77.6661,38.6355,185
3,-77.6661,38.6355,216
4,-77.6661,38.6355,132
5,-77.6661,38.6355,229
6,-77.6661,38.6355,161
7,-77.6661,38.6355,138
0,-78.9061,38.6601,66
1,-78.9061,38.6601,78
2,-78.9061,38.6601,86
3,-78.9061,38.6601,99
4,-78.9061,38.6601,85
5,-78.9061,38.6601,65
6,-78.9061,38.6601,92
7,-78.9061,38.6601,113
0,-77.9882,37.3366,8
1,-77.9882,37.3366,10
2,-77.9882,37.3366,15
3,-77.9882,37.3366,31
4,-77.9882,37.3366,6
5,-77.9882,37.3366,1
6,-77.9882,37.3366,3
7,-77.9882,37.3366,9
0,-78.3908,36.666,16
1,-78.3908,36.666,19
2,-78.3908,36.666,92
3,-78.3908,36.666,45
4,-78.3908,36.666,54
5,-78.3908,36.666,46
6,-78.3908,36.666,63
7,-78.3908,36.666,80
0,-81.6382,36.666,117
1,-81.6382,36.666,139
2,-81.6382,36.666,109
3,-81.6382,36.666,108
4,-81.6382,36.666,91
5,-81.6382,36.666,67
6,-81.6382,36.666,86
7,-81.6382,36.666,98
0,-81.192,36.8862,140
1,-81.192,36.8862,159
2,-81.192,36.8862,146
3,-81.192,36.8862,146
4,-81.192,36.8862,228
5,-81.192,36.8862,162
6,-81.192,36.8862,119
7,-81.192,36.8862,87
0,-77.9061,38.0068,29
1,-77.9061,38.0068,38
2,-77.9061,38.0068,66
3,-77.9061,38.0068,35
4,-77.9061,38.0068,45
5,-77.9061,38.0068,62
6,-77.9061,38.0068,32
7,-77.9061,38.0068,46
0,-78.3681,39.0551,102
1,-78.3681,39.0551,187
2,-78.3681,39.0551,121
3,-78.3681,39.0551,153
4,-78.3681,39.0551,194
5,-78.3681,39.0551,135
6,-78.3681,39.0551,123
7,-78.3681,39.0551,131
0,-81.5927,36.7929,92
1,-81.5927,36.7929,33
2,-81.5927,36.7929,86
3,-81.5927,36.7929,64
4,-81.5927,36.7929,48
5,-81.5927,36.7929,49
6,-81.5927,36.7929,105
7,-81.5927,36.7929,116
0,-76.6625,37.9501,599
1,-76.6625,37.9501,2
2,-76.6625,37.9501,11
3,-76.6625,37.9501,763
4,-76.6625,37.9501,97
5,-76.6625,37.9501,15
6,-76.6625,37.9501,140
7,-76.6625,37.9501,116
0,-77.4689,36.816,20
1,-77.4689,36.816,17
2,-77.4689,36.816,17
3,-77.4689,36.816,6
4,-77.4689,36.816,8
5,-77.4689,36.816,20
6,-77.4689,36.816,16
7,-77.4689,36.816,15
0,-77.0687,37.344,0
1,-77.0687,37.344,0
2,-77.0687,37.344,6
3,-77.0687,37.344,4
4,-77.0687,37.344,2
5,-77.0687,37.344,1
6,-77.0687,37.344,0
7,-77.0687,37.344,1
0,-80.5583,37.1229,32
1,-80.5583,37.1229,0
2,-80.5583,37.1229,0
3,-80.5583,37.1229,41
4,-80.5583,37.1229,2
5,-80.5583,37.1229,0
6,-80.5583,37.1229,2
7,-80.5583,37.1229,2
0,-78.0883,37.6674,8
1,-78.0883,37.6674,4
2,-78.0883,37.6674,8
3,-78.0883,37.6674,16
4,-78.0883,37.6674,12
5,-78.0883,37.6674,7
6,-78.0883,37.6674,9
7,-78.0883,37.6674,15
0,-78.1033,38.9231,187
1,-78.1033,38.9231,232
2,-78.1033,38.9231,235
3,-78.1033,38.9231,273
4,-78.1033,38.9231,339
5,-78.1033,38.9231,288
6,-78.1033,38.9231,267
7,-78.1033,38.9231,179
0,-77.8937,36.8553,7
1,-77.8937,36.8553,5
2,-77.8937,36.8553,26
3,-77.8937,36.8553,30
4,-77.8937,36.8553,18
5,-77.8937,36.8553,9
6,-77.8937,36.8553,20
7,-77.8937,36.8553,12
0,-78.4545,38.6653,42
1,-78.4545,38.6653,93
2,-78.4545,38.6653,66
3,-78.4545,38.6653,84
4,-78.4545,38.6653,62
5,-78.4545,38.6653,45
6,-78.4545,38.6653,54
7,-78.4545,38.6653,61
0,-78.601,36.9933,8
1,-78.601,36.9933,4
2,-78.601,36.9933,19
3,-78.601,36.9933,63
4,-78.601,36.9933,11
5,-78.601,36.9933,35
6,-78.601,36.9933,13
7,-78.601,36.9933,12
0,-79.6403,38.3237,1
1,-79.6403,38.3237,0
2,-79.6403,38.3237,1
3,-79.6403,38.3237,0
4,-79.6403,38.3237,2
5,-79.6403,38.3237,0
6,-79.6403,38.3237,0
7,-79.6403,38.3237,0
0,-80.8576,37.373000000000005,153
1,-80.8576,37.373000000000005,131
2,-80.8576,37.373000000000005,150
3,-80.8576,37.373000000000005,123
4,-80.8576,37.373000000000005,99
5,-80.8576,37.373000000000005,36
6,-80.8576,37.373000000000005,81
7,-80.8576,37.373000000000005,48
0,-77.0436,37.4418,14
1,-77.0436,37.4418,21
2,-77.0436,37.4418,17
3,-77.0436,37.4418,23
4,-77.0436,37.4418,28
5,-77.0436,37.4418,21
6,-77.0436,37.4418,21
7,-77.0436,37.4418,26
0,-80.7255,36.9342,222
1,-80.7255,36.9342,229
2,-80.7255,36.9342,180
3,-80.7255,36.9342,195
4,-80.7255,36.9342,133
5,-80.7255,36.9342,110
6,-80.7255,36.9342,117
7,-80.7255,36.9342,111
0,-77.3473,38.0533,19
1,-77.3473,38.0533,50
2,-77.3473,38.0533,54
3,-77.3473,38.0533,35
4,-77.3473,38.0533,48
5,-77.3473,38.0533,40
6,-77.3473,38.0533,71
7,-77.3473,38.0533,69
0,-76.0435,36.7335,195
1,-76.0435,36.7335,9
2,-76.0435,36.7335,3
3,-76.0435,36.7335,233
4,-76.0435,36.7335,21
5,-76.0435,36.7335,3
6,-76.0435,36.7335,35
7,-76.0435,36.7335,34
0,-79.7253,37.3866,42
1,-79.7253,37.3866,75
2,-79.7253,37.3866,93
3,-79.7253,37.3866,123
4,-79.7253,37.3866,126
5,-79.7253,37.3866,105
6,-79.7253,37.3866,63
7,-79.7253,37.3866,138
0,-79.4196,36.6716,16
1,-79.4196,36.6716,30
2,-79.4196,36.6716,31
3,-79.4196,36.6716,57
4,-79.4196,36.6716,28
5,-79.4196,36.6716,36
6,-79.4196,36.6716,51
7,-79.4196,36.6716,42
0,-77.2604,38.6823,344
1,-77.2604,38.6823,347
2,-77.2604,38.6823,536
3,-77.2604,38.6823,662
4,-77.2604,38.6823,600
5,-77.2604,38.6823,564
6,-77.2604,38.6823,540
7,-77.2604,38.6823,636
0,-79.8779,37.4167,56
1,-79.8779,37.4167,79
2,-79.8779,37.4167,68
3,-79.8779,37.4167,51
4,-79.8779,37.4167,96
5,-79.8779,37.4167,54
6,-79.8779,37.4167,77
7,-79.8779,37.4167,56
0,-76.8308,36.866,8
1,-76.8308,36.866,5
2,-76.8308,36.866,35
3,-76.8308,36.866,35
4,-76.8308,36.866,16
5,-76.8308,36.866,48
6,-76.8308,36.866,51
7,-76.8308,36.866,39
0,-77.7022,37.6015,12
1,-77.7022,37.6015,2
2,-77.7022,37.6015,5
3,-77.7022,37.6015,5
4,-77.7022,37.6015,11
5,-77.7022,37.6015,7
6,-77.7022,37.6015,9
7,-77.7022,37.6015,17
0,-78.3319,39.264,140
1,-78.3319,39.264,190
2,-78.3319,39.264,160
3,-78.3319,39.264,228
4,-78.3319,39.264,234
5,-78.3319,39.264,254
6,-78.3319,39.264,207
7,-78.3319,39.264,199
0,-81.1501,37.1521,12
1,-81.1501,37.1521,5
2,-81.1501,37.1521,18
3,-81.1501,37.1521,12
4,-81.1501,37.1521,6
5,-81.1501,37.1521,10
6,-81.1501,37.1521,16
7,-81.1501,37.1521,6
0,-77.3706,37.7668,147
1,-77.3706,37.7668,156
2,-77.3706,37.7668,132
3,-77.3706,37.7668,203
4,-77.3706,37.7668,221
5,-77.3706,37.7668,137
6,-77.3706,37.7668,170
7,-77.3706,37.7668,289
0,-76.3024,36.6778,167
1,-76.3024,36.6778,8
2,-76.3024,36.6778,0
3,-76.3024,36.6778,241
4,-76.3024,36.6778,19
5,-76.3024,36.6778,0
6,-76.3024,36.6778,60
7,-76.3024,36.6778,79
0,-76.8665,37.9185,5
1,-76.8665,37.9185,3
2,-76.8665,37.9185,22
3,-76.8665,37.9185,7
4,-76.8665,37.9185,10
5,-76.8665,37.9185,5
6,-76.8665,37.9185,8
7,-76.8665,37.9185,4
0,-77.2875,36.8457,9
1,-77.2875,36.8457,6
2,-77.2875,36.8457,10
3,-77.2875,36.8457,14
4,-77.2875,36.8457,8
5,-77.2875,36.8457,14
6,-77.2875,36.8457,6
7,-77.2875,36.8457,17
0,-78.3261,38.4879,17
1,-78.3261,38.4879,6
2,-78.3261,38.4879,12
3,-78.3261,38.4879,6
4,-78.3261,38.4879,18
5,-78.3261,38.4879,18
6,-78.3261,38.4879,30
7,-78.3261,38.4879,11
0,-76.5747,37.6395,4
1,-76.5747,37.6395,2
2,-76.5747,37.6395,13
3,-76.5747,37.6395,2
4,-76.5747,37.6395,6
5,-76.5747,37.6395,16
6,-76.5747,37.6395,22
7,-76.5747,37.6395,17
0,-79.5709,38.1948,18
1,-79.5709,38.1948,19
2,-79.5709,38.1948,17
3,-79.5709,38.1948,4
4,-79.5709,38.1948,5
5,-79.5709,38.1948,5
6,-79.5709,38.1948,2
7,-79.5709,38.1948,7
0,-77.1011,38.8786,112
1,-77.1011,38.8786,111
2,-77.1011,38.8786,112
3,-77.1011,38.8786,136
4,-77.1011,38.8786,136
5,-77.1011,38.8786,166
6,-77.1011,38.8786,224
7,-77.1011,38.8786,211
0,-78.0029,37.0821,3
1,-78.0029,37.0821,7
2,-78.0029,37.0821,10
3,-78.0029,37.0821,12
4,-78.0029,37.0821,12
5,-78.0029,37.0821,17
6,-78.0029,37.0821,27
7,-78.0029,37.0821,12
0,-78.4417,38.2504,11
1,-78.4417,38.2504,7
2,-78.4417,38.2504,17
3,-78.4417,38.2504,15
4,-78.4417,38.2504,8
5,-78.4417,38.2504,18
6,-78.4417,38.2504,30
7,-78.4417,38.2504,24
0,-79.9868,37.7786,0
1,-79.9868,37.7786,0
2,-79.9868,37.7786,0
3,-79.9868,37.7786,0
4,-79.9868,37.7786,0
5,-79.9868,37.7786,0
6,-79.9868,37.7786,0
7,-79.9868,37.7786,1
0,-81.6387,37.1909,237
1,-81.6387,37.1909,201
2,-81.6387,37.1909,296
3,-81.6387,37.1909,359
4,-81.6387,37.1909,485
5,-81.6387,37.1909,466
6,-81.6387,37.1909,433
7,-81.6387,37.1909,349
0,-78.4856,38.0374,14
1,-78.4856,38.0374,0
2,-78.4856,38.0374,2
3,-78.4856,38.0374,35
4,-78.4856,38.0374,4
5,-78.4856,38.0374,0
6,-78.4856,38.0374,3
7,-78.4856,38.0374,17
0,-80.1395,37.4293,27
1,-80.1395,37.4293,5
2,-80.1395,37.4293,2
3,-80.1395,37.4293,5
4,-80.1395,37.4293,7
5,-80.1395,37.4293,4
6,-80.1395,37.4293,1
7,-80.1395,37.4293,5
0,-79.9795,37.8865,34
1,-79.9795,37.8865,36
2,-79.9795,37.8865,36
3,-79.9795,37.8865,19
4,-79.9795,37.8865,64
5,-79.9795,37.8865,63
6,-79.9795,37.8865,48
7,-79.9795,37.8865,74
0,-76.4402,37.2801,34
1,-76.4402,37.2801,18
2,-76.4402,37.2801,52
3,-76.4402,37.2801,45
4,-76.4402,37.2801,28
5,-76.4402,37.2801,56
6,-76.4402,37.2801,62
7,-76.4402,37.2801,59
0,-76.259,36.8945,160
1,-76.259,36.8945,8
2,-76.259,36.8945,7
3,-76.259,36.8945,232
4,-76.259,36.8945,14
5,-76.259,36.8945,16
6,-76.259,36.8945,60
7,-76.259,36.8945,80
0,-76.6847,36.5882,52
1,-76.6847,36.5882,4
2,-76.6847,36.5882,2
3,-76.6847,36.5882,121
4,-76.6847,36.5882,10
5,-76.6847,36.5882,3
6,-76.6847,36.5882,27
7,-76.6847,36.5882,12
0,-77.9823,39.1508,8
1,-77.9823,39.1508,13
2,-77.9823,39.1508,5
3,-77.9823,39.1508,20
4,-77.9823,39.1508,33
5,-77.9823,39.1508,24
6,-77.9823,39.1508,12
7,-77.9823,39.1508,12
0,-77.3914,37.2042,23
1,-77.3914,37.2042,0
2,-77.3914,37.2042,0
3,-77.3914,37.2042,63
4,-77.3914,37.2042,10
5,-77.3914,37.2042,0
6,-77.3914,37.2042,6
7,-77.3914,37.2042,5
0,-76.9665,37.2273,1
1,-76.9665,37.2273,1
2,-76.9665,37.2273,3
3,-76.9665,37.2273,2
4,-76.9665,37.2273,1
5,-76.9665,37.2273,0
6,-76.9665,37.2273,0
7,-76.9665,37.2273,4
0,-77.1878,38.8648,7
1,-77.1878,38.8648,0
2,-77.1878,38.8648,0
3,-77.1878,38.8648,3
4,-77.1878,38.8648,0
5,-77.1878,38.8648,0
6,-77.1878,38.8648,0
7,-77.1878,38.8648,1
0,-78.2322,38.6562,21
1,-78.2322,38.6562,9
2,-78.2322,38.6562,18
3,-78.2322,38.6562,12
4,-78.2322,38.6562,12
5,-78.2322,38.6562,5
6,-78.2322,38.6562,3
7,-78.2322,38.6562,7
0,-80.9176,36.666,4
1,-80.9176,36.666,0
2,-80.9176,36.666,0
3,-80.9176,36.666,2
4,-80.9176,36.666,0
5,-80.9176,36.666,0
6,-80.9176,36.666,2
7,-80.9176,36.666,0
0,-79.8636,36.6827,8
1,-79.8636,36.6827,1
2,-79.8636,36.6827,0
3,-79.8636,36.6827,36
4,-79.8636,36.6827,0
5,-79.8636,36.6827,1
6,-79.8636,36.6827,4
7,-79.8636,36.6827,6
0,-76.8041,37.3799,25
1,-76.8041,37.3799,29
2,-76.8041,37.3799,17
3,-76.8041,37.3799,17
4,-76.8041,37.3799,23
5,-76.8041,37.3799,27
6,-76.8041,37.3799,28
7,-76.8041,37.3799,78
0,-79.4088,36.5831,42
1,-79.4088,36.5831,0
2,-79.4088,36.5831,0
3,-79.4088,36.5831,47
4,-79.4088,36.5831,0
5,-79.4088,36.5831,0
6,-79.4088,36.5831,4
7,-79.4088,36.5831,8
0,-79.1058,37.4487,64
1,-79.1058,37.4487,26
2,-79.1058,37.4487,59
3,-79.1058,37.4487,71
4,-79.1058,37.4487,35
5,-79.1058,37.4487,34
6,-79.1058,37.4487,30
7,-79.1058,37.4487,41
0,-78.8735,38.4362,8
1,-78.8735,38.4362,4
2,-78.8735,38.4362,21
3,-78.8735,38.4362,15
4,-78.8735,38.4362,2
5,-78.8735,38.4362,0
6,-78.8735,38.4362,4
7,-78.8735,38.4362,3
0,-77.4871,38.2992,50
1,-77.4871,38.2992,0
2,-77.4871,38.2992,1
3,-77.4871,38.2992,77
4,-77.4871,38.2992,19
5,-77.4871,38.2992,0
6,-77.4871,38.2992,15
7,-77.4871,38.2992,10
0,-79.8886,37.2747,317
1,-79.8886,37.2747,154
2,-79.8886,37.2747,161
3,-79.8886,37.2747,478
4,-79.8886,37.2747,148
5,-79.8886,37.2747,132
6,-79.8886,37.2747,178
7,-79.8886,37.2747,201
0,-78.682,37.2642,3
1,-78.682,37.2642,5
2,-78.682,37.2642,10
3,-78.682,37.2642,7
4,-78.682,37.2642,17
5,-78.682,37.2642,9
6,-78.682,37.2642,35
7,-78.682,37.2642,27
0,-76.354,36.8468,240
1,-76.354,36.8468,3
2,-76.354,36.8468,5
3,-76.354,36.8468,210
4,-76.354,36.8468,68
5,-76.354,36.8468,11
6,-76.354,36.8468,45
7,-76.354,36.8468,36
0,-76.5185,37.1052,229
1,-76.5185,37.1052,16
2,-76.5185,37.1052,11
3,-76.5185,37.1052,186
4,-76.5185,37.1052,22
5,-76.5185,37.1052,10
6,-76.5185,37.1052,44
7,-76.5185,37.1052,32
0,-77.5885,38.1982,228
1,-77.5885,38.1982,230
2,-77.5885,38.1982,328
3,-77.5885,38.1982,289
4,-77.5885,38.1982,258
5,-77.5885,38.1982,318
6,-77.5885,38.1982,508
7,-77.5885,38.1982,380
0,-80.0554,37.2864,42
1,-80.0554,37.2864,0
2,-80.0554,37.2864,0
3,-80.0554,37.2864,58
4,-80.0554,37.2864,1
5,-80.0554,37.2864,1
6,-80.0554,37.2864,4
7,-80.0554,37.2864,19
0,-79.0608,38.1593,23
1,-79.0608,38.1593,0
2,-79.0608,38.1593,0
3,-79.0608,38.1593,14
4,-79.0608,38.1593,1
5,-79.0608,38.1593,0
6,-79.0608,38.1593,5
7,-79.0608,38.1593,1
0,-82.1607,36.618,115
1,-82.1607,36.618,0
2,-82.1607,36.618,1
3,-82.1607,36.618,99
4,-82.1607,36.618,10
5,-82.1607,36.618,1
6,-82.1607,36.618,0
7,-82.1607,36.618,11
0,-76.7075,37.2691,1
1,-76.7075,37.2691,0
2,-76.7075,37.2691,0
3,-76.7075,37.2691,13
4,-76.7075,37.2691,2
5,-76.7075,37.2691,0
6,-76.7075,37.2691,0
7,-76.7075,37.2691,1
0,-80.2045,37.0379,17
1,-80.2045,37.0379,17
2,-80.2045,37.0379,4
3,-80.2045,37.0379,13
4,-80.2045,37.0379,16
5,-80.2045,37.0379,2
6,-80.2045,37.0379,21
7,-80.2045,37.0379,14
0,-77.0861,38.8184,17
1,-77.0861,38.8184,8
2,-77.0861,38.8184,8
3,-77.0861,38.8184,19
4,-77.0861,38.8184,0
5,-77.0861,38.8184,7
6,-77.0861,38.8184,29
7,-77.0861,38.8184,11
0,-82.626,36.9317,2
1,-82.626,36.9317,0
2,-82.626,36.9317,0
3,-82.626,36.9317,0
4,-82.626,36.9317,0
5,-82.626,36.9317,0
6,-82.626,36.9317,0
7,-82.626,36.9317,0
0,-79.1911,37.4004,47
1,-79.1911,37.4004,0
2,-79.1911,37.4004,0
3,-79.1911,37.4004,120
4,-79.1911,37.4004,5
5,-79.1911,37.4004,0
6,-79.1911,37.4004,18
7,-79.1911,37.4004,4
0,-76.433,37.1982,22
1,-76.433,37.1982,25
2,-76.433,37.1982,43
3,-76.433,37.1982,31
4,-76.433,37.1982,23
5,-76.433,37.1982,42
6,-76.433,37.1982,67
7,-76.433,37.1982,92
0,-77.5356,36.6953,29
1,-77.5356,36.6953,0
2,-77.5356,36.6953,0
3,-77.5356,36.6953,7
4,-77.5356,36.6953,2
5,-77.5356,36.6953,0
6,-77.5356,36.6953,0
7,-77.5356,36.6953,0
0,-76.3569,37.1318,9
1,-76.3569,37.1318,0
2,-76.3569,37.1318,0
3,-76.3569,37.1318,11
4,-76.3569,37.1318,0
5,-76.3569,37.1318,0
6,-76.3569,37.1318,0
7,-76.3569,37.1318,0
0,-77.2985,37.2914,24
1,-77.2985,37.2914,2
2,-77.2985,37.2914,0
3,-77.2985,37.2914,29
4,-77.2985,37.2914,8
5,-77.2985,37.2914,0
6,-77.2985,37.2914,9
7,-77.2985,37.2914,3
0,-79.3565,37.7316,6
1,-79.3565,37.7316,0
2,-79.3565,37.7316,0
3,-79.3565,37.7316,22
4,-79.3565,37.7316,3
5,-79.3565,37.7316,0
6,-79.3565,37.7316,6
7,-79.3565,37.7316,0
0,-77.3969,37.265,43
1,-77.3969,37.265,0
2,-77.3969,37.265,0
3,-77.3969,37.265,80
4,-77.3969,37.265,1
5,-77.3969,37.265,0
6,-77.3969,37.265,4
7,-77.3969,37.265,12
0,-81.9923,37.805,137
1,-81.9923,37.805,147
2,-81.9923,37.805,154
3,-81.9923,37.805,117
4,-81.9923,37.805,154
5,-81.9923,37.805,88
6,-81.9923,37.805,150
7,-81.9923,37.805,89
0,-78.8661,38.8779,16
1,-78.8661,38.8779,29
2,-78.8661,38.8779,18
3,-78.8661,38.8779,39
4,-78.8661,38.8779,37
5,-78.8661,38.8779,49
6,-78.8661,38.8779,8
7,-78.8661,38.8779,0
0,-79.6455,39.0813,1
1,-79.6455,39.0813,0
2,-79.6455,39.0813,0
3,-79.6455,39.0813,0
4,-79.6455,39.0813,4
5,-79.6455,39.0813,0
6,-79.6455,39.0813,0
7,-79.6455,39.0813,2
0,-81.0795,37.9607,25
1,-81.0795,37.9607,43
2,-81.0795,37.9607,35
3,-81.0795,37.9607,41
4,-81.0795,37.9607,23
5,-81.0795,37.9607,4
6,-81.0795,37.9607,6
7,-81.0795,37.9607,2
0,-80.5998,40.6179,92
1,-80.5998,40.6179,21
2,-80.5998,40.6179,19
3,-80.5998,40.6179,88
4,-80.5998,40.6179,41
5,-80.5998,40.6179,11
6,-80.5998,40.6179,46
7,-80.5998,40.6179,43
0,-77.7517,39.3242,22
1,-77.7517,39.3242,14
2,-77.7517,39.3242,34
3,-77.7517,39.3242,6
4,-77.7517,39.3242,27
5,-77.7517,39.3242,11
6,-77.7517,39.3242,43
7,-77.7517,39.3242,20
0,-80.2989,39.3923,53
1,-80.2989,39.3923,39
2,-80.2989,39.3923,212
3,-80.2989,39.3923,366
4,-80.2989,39.3923,209
5,-80.2989,39.3923,198
6,-80.2989,39.3923,305
7,-80.2989,39.3923,83
0,-82.4415,38.2254,21
1,-82.4415,38.2254,37
2,-82.4415,38.2254,6
3,-82.4415,38.2254,54
4,-82.4415,38.2254,43
5,-82.4415,38.2254,29
6,-82.4415,38.2254,28
7,-82.4415,38.2254,26
0,-79.3662,39.2711,26
1,-79.3662,39.2711,2
2,-79.3662,39.2711,17
3,-79.3662,39.2711,24
4,-79.3662,39.2711,35
5,-79.3662,39.2711,23
6,-79.3662,39.2711,7
7,-79.3662,39.2711,0
0,-81.4371,37.9443,183
1,-81.4371,37.9443,193
2,-81.4371,37.9443,288
3,-81.4371,37.9443,358
4,-81.4371,37.9443,451
5,-81.4371,37.9443,223
6,-81.4371,37.9443,225
7,-81.4371,37.9443,53
0,-80.964,37.4362,326
1,-80.964,37.4362,373
2,-80.964,37.4362,300
3,-80.964,37.4362,322
4,-80.964,37.4362,176
5,-80.964,37.4362,333
6,-80.964,37.4362,226
7,-80.964,37.4362,70
0,-81.7138,37.9713,40
1,-81.7138,37.9713,46
2,-81.7138,37.9713,13
3,-81.7138,37.9713,5
4,-81.7138,37.9713,8
5,-81.7138,37.9713,11
6,-81.7138,37.9713,2
7,-81.7138,37.9713,6
0,-79.8003,39.5512,13
1,-79.8003,39.5512,17
2,-79.8003,39.5512,18
3,-79.8003,39.5512,12
4,-79.8003,39.5512,0
5,-79.8003,39.5512,12
6,-79.8003,39.5512,0
7,-79.8003,39.5512,0
0,-80.5419,37.5905,35
1,-80.5419,37.5905,10
2,-80.5419,37.5905,5
3,-80.5419,37.5905,7
4,-80.5419,37.5905,15
5,-80.5419,37.5905,0
6,-80.5419,37.5905,9
7,-80.5419,37.5905,1
0,-81.3572,37.3675,27
1,-81.3572,37.3675,27
2,-81.3572,37.3675,9
3,-81.3572,37.3675,24
4,-81.3572,37.3675,11
5,-81.3572,37.3675,33
6,-81.3572,37.3675,15
7,-81.3572,37.3675,0
0,-79.8967,38.7968,1
1,-79.8967,38.7968,17
2,-79.8967,38.7968,11
3,-79.8967,38.7968,34
4,-79.8967,38.7968,20
5,-79.8967,38.7968,0
6,-79.8967,38.7968,42
7,-79.8967,38.7968,9
0,-79.9868,39.6587,228
1,-79.9868,39.6587,42
2,-79.9868,39.6587,81
3,-79.9868,39.6587,52
4,-79.9868,39.6587,73
5,-79.9868,39.6587,10
6,-79.9868,39.6587,13
7,-79.9868,39.6587,0
0,-81.513,39.1806,89
1,-81.513,39.1806,19
2,-81.513,39.1806,72
3,-81.513,39.1806,159
4,-81.513,39.1806,141
5,-81.513,39.1806,188
6,-81.513,39.1806,190
7,-81.513,39.1806,242
0,-81.9256,38.5374,33
1,-81.9256,38.5374,27
2,-81.9256,38.5374,30
3,-81.9256,38.5374,45
4,-81.9256,38.5374,47
5,-81.9256,38.5374,4
6,-81.9256,38.5374,4
7,-81.9256,38.5374,1
0,-81.3502,38.486,340
1,-81.3502,38.486,588
2,-81.3502,38.486,401
3,-81.3502,38.486,323
4,-81.3502,38.486,454
5,-81.3502,38.486,232
6,-81.3502,38.486,305
7,-81.3502,38.486,403
0,-82.3188,38.4154,166
1,-82.3188,38.4154,414
2,-82.3188,38.4154,214
3,-82.3188,38.4154,358
4,-82.3188,38.4154,199
5,-82.3188,38.4154,112
6,-82.3188,38.4154,165
7,-82.3188,38.4154,104
0,-80.6102,40.2811,3
1,-80.6102,40.2811,7
2,-80.6102,40.2811,7
3,-80.6102,40.2811,18
4,-80.6102,40.2811,0
5,-80.6102,40.2811,2
6,-80.6102,40.2811,0
7,-80.6102,40.2811,0
0,-80.7335,39.9854,30
1,-80.7335,39.9854,47
2,-80.7335,39.9854,67
3,-80.7335,39.9854,93
4,-80.7335,39.9854,115
5,-80.7335,39.9854,34
6,-80.7335,39.9854,43
7,-80.7335,39.9854,17
0,-78.4553,39.5313,13
1,-78.4553,39.5313,36
2,-78.4553,39.5313,97
3,-78.4553,39.5313,13
4,-78.4553,39.5313,49
5,-78.4553,39.5313,14
6,-78.4553,39.5313,21
7,-78.4553,39.5313,28
0,-79.2413,38.6219,0
1,-79.2413,38.6219,4
2,-79.2413,38.6219,0
3,-79.2413,38.6219,0
4,-79.2413,38.6219,0
5,-79.2413,38.6219,0
6,-79.2413,38.6219,0
7,-79.2413,38.6219,0
0,-79.9505,38.9783,2
1,-79.9505,38.9783,1
2,-79.9505,38.9783,1
3,-79.9505,38.9783,1
4,-79.9505,38.9783,3
5,-79.9505,38.9783,0
6,-79.9505,38.9783,2
7,-79.9505,38.9783,2
0,-81.0962,38.8015,3
1,-81.0962,38.8015,0
2,-81.0962,38.8015,16
3,-81.0962,38.8015,0
4,-81.0962,38.8015,2
5,-81.0962,38.8015,0
6,-81.0962,38.8015,2
7,-81.0962,38.8015,3
0,-81.8235,38.8656,12
1,-81.8235,38.8656,62
2,-81.8235,38.8656,28
3,-81.8235,38.8656,16
4,-81.8235,38.8656,40
5,-81.8235,38.8656,57
6,-81.8235,38.8656,17
7,-81.8235,38.8656,18
0,-80.1287,39.2666,0
1,-80.1287,39.2666,1
2,-80.1287,39.2666,0
3,-80.1287,39.2666,2
4,-80.1287,39.2666,1
5,-80.1287,39.2666,0
6,-80.1287,39.2666,0
7,-80.1287,39.2666,0
0,-82.1696,37.6262,119
1,-82.1696,37.6262,15
2,-82.1696,37.6262,47
3,-82.1696,37.6262,94
4,-82.1696,37.6262,7
5,-82.1696,37.6262,4
6,-82.1696,37.6262,1
7,-82.1696,37.6262,3
0,-78.9223,39.336999999999996,32
1,-78.9223,39.336999999999996,19
2,-78.9223,39.336999999999996,11
3,-78.9223,39.336999999999996,3
4,-78.9223,39.336999999999996,8
5,-78.9223,39.336999999999996,10
6,-78.9223,39.336999999999996,21
7,-78.9223,39.336999999999996,22
0,-80.1696,39.5013,145
1,-80.1696,39.5013,102
2,-80.1696,39.5013,283
3,-80.1696,39.5013,167
4,-80.1696,39.5013,84
5,-80.1696,39.5013,128
6,-80.1696,39.5013,77
7,-80.1696,39.5013,19
0,-80.0915,38.2746,17
1,-80.0915,38.2746,48
2,-80.0915,38.2746,32
3,-80.0915,38.2746,19
4,-80.0915,38.2746,11
5,-80.0915,38.2746,18
6,-80.0915,38.2746,10
7,-80.0915,38.2746,13
0,-80.3731,38.4604,0
1,-80.3731,38.4604,11
2,-80.3731,38.4604,12
3,-80.3731,38.4604,21
4,-80.3731,38.4604,24
5,-80.3731,38.4604,9
6,-80.3731,38.4604,19
7,-80.3731,38.4604,12
0,-82.1706,38.6663,38
1,-82.1706,38.6663,8
2,-82.1706,38.6663,1
3,-82.1706,38.6663,6
4,-82.1706,38.6663,1
5,-82.1706,38.6663,37
6,-82.1706,38.6663,5
7,-82.1706,38.6663,0
0,-80.8979,38.5632,61
1,-80.8979,38.5632,35
2,-80.8979,38.5632,45
3,-80.8979,38.5632,32
4,-80.8979,38.5632,21
5,-80.8979,38.5632,2
6,-80.8979,38.5632,29
7,-80.8979,38.5632,5
0,-80.2279,38.9927,95
1,-80.2279,38.9927,75
2,-80.2279,38.9927,56
3,-80.2279,38.9927,71
4,-80.2279,38.9927,27
5,-80.2279,38.9927,8
6,-80.2279,38.9927,12
7,-80.2279,38.9927,4
0,-81.0815,38.4662,9
1,-81.0815,38.4662,8
2,-81.0815,38.4662,2
3,-81.0815,38.4662,11
4,-81.0815,38.4662,9
5,-81.0815,38.4662,4
6,-81.0815,38.4662,0
7,-81.0815,38.4662,0
0,-81.4179,37.7154,6
1,-81.4179,37.7154,10
2,-81.4179,37.7154,15
3,-81.4179,37.7154,13
4,-81.4179,37.7154,6
5,-81.4179,37.7154,0
6,-81.4179,37.7154,1
7,-81.4179,37.7154,1
0,-81.3531,38.8025,4
1,-81.3531,38.8025,5
2,-81.3531,38.8025,25
3,-81.3531,38.8025,0
4,-81.3531,38.8025,5
5,-81.3531,38.8025,3
6,-81.3531,38.8025,4
7,-81.3531,38.8025,1
0,-80.7316,39.5689,10
1,-80.7316,39.5689,27
2,-80.7316,39.5689,11
3,-80.7316,39.5689,1
4,-80.7316,39.5689,30
5,-80.7316,39.5689,28
6,-80.7316,39.5689,2
7,-80.7316,39.5689,3
0,-80.9496,38.9815,0
1,-80.9496,38.9815,8
2,-80.9496,38.9815,2
3,-80.9496,38.9815,7
4,-80.9496,38.9815,0
5,-80.9496,38.9815,19
6,-80.9496,38.9815,13
7,-80.9496,38.9815,5
0,-80.8512,38.2001,83
1,-80.8512,38.2001,61
2,-80.8512,38.2001,152
3,-80.8512,38.2001,228
4,-80.8512,38.2001,220
5,-80.8512,38.2001,161
6,-80.8512,38.2001,151
7,-80.8512,38.2001,109
0,-78.5228,39.3732,0
1,-78.5228,39.3732,66
2,-78.5228,39.3732,42
3,-78.5228,39.3732,51
4,-78.5228,39.3732,15
5,-78.5228,39.3732,48
6,-78.5228,39.3732,9
7,-78.5228,39.3732,9
0,-80.6951,40.0753,92
1,-80.6951,40.0753,119
2,-80.6951,40.0753,119
3,-80.6951,40.0753,173
4,-80.6951,40.0753,118
5,-80.6951,40.0753,49
6,-80.6951,40.0753,56
7,-80.6951,40.0753,24
0,-77.9779,39.458,173
1,-77.9779,39.458,274
2,-77.9779,39.458,269
3,-77.9779,39.458,146
4,-77.9779,39.458,95
5,-77.9779,39.458,129
6,-77.9779,39.458,197
7,-77.9779,39.458,116
0,-80.4715,37.7503,18
1,-80.4715,37.7503,69
2,-80.4715,37.7503,41
3,-80.4715,37.7503,88
4,-80.4715,37.7503,113
5,-80.4715,37.7503,163
6,-80.4715,37.7503,52
7,-80.4715,37.7503,31
0,-81.2401,39.3201,0
1,-81.2401,39.3201,1
2,-81.2401,39.3201,1
3,-81.2401,39.3201,3
4,-81.2401,39.3201,2
5,-81.2401,39.3201,4
6,-81.2401,39.3201,0
7,-81.2401,39.3201,0
0,-80.8865,37.7243,13
1,-80.8865,37.7243,21
2,-80.8865,37.7243,4
3,-80.8865,37.7243,89
4,-80.8865,37.7243,2
5,-80.8865,37.7243,8
6,-80.8865,37.7243,2
7,-80.8865,37.7243,0
0,-81.1709,39.1226,2
1,-81.1709,39.1226,3
2,-81.1709,39.1226,12
3,-81.1709,39.1226,1
4,-81.1709,39.1226,1
5,-81.1709,39.1226,0
6,-81.1709,39.1226,3
7,-81.1709,39.1226,0
0,-81.3975,39.0618,1
1,-81.3975,39.0618,0
2,-81.3975,39.0618,0
3,-81.3975,39.0618,0
4,-81.3975,39.0618,0
5,-81.3975,39.0618,0
6,-81.3975,39.0618,1
7,-81.3975,39.0618,0
0,-80.9351,39.6035,27
1,-80.9351,39.6035,13
2,-80.9351,39.6035,0
3,-80.9351,39.6035,0
4,-80.9351,39.6035,13
5,-80.9351,39.6035,1
6,-80.9351,39.6035,1
7,-80.9351,39.6035,0
0,-80.6551,39.0393,0
1,-80.6551,39.0393,9
2,-80.6551,39.0393,17
3,-80.6551,39.0393,211
4,-80.6551,39.0393,82
5,-80.6551,39.0393,54
6,-80.6551,39.0393,4
7,-80.6551,39.0393,7
0,-81.9893,38.2387,0
1,-81.9893,38.2387,0
2,-81.9893,38.2387,0
3,-81.9893,38.2387,0
4,-81.9893,38.2387,3
5,-81.9893,38.2387,0
6,-81.9893,38.2387,0
7,-81.9893,38.2387,0
0,-80.7407,39.1254,8
1,-80.7407,39.1254,1
2,-80.7407,39.1254,24
3,-80.7407,39.1254,34
4,-80.7407,39.1254,5
5,-80.7407,39.1254,6
6,-80.7407,39.1254,4
7,-80.7407,39.1254,8
0,-79.67699999999999,40.3312,498
1,-79.67699999999999,40.3312,444
2,-79.67699999999999,40.3312,502
3,-79.67699999999999,40.3312,692
4,-79.67699999999999,40.3312,678
5,-79.67699999999999,40.3312,527
6,-79.67699999999999,40.3312,639
7,-79.67699999999999,40.3312,369
0,-75.4338,39.894,919
1,-75.4338,39.894,1088
2,-75.4338,39.894,1102
3,-75.4338,39.894,1255
4,-75.4338,39.894,1453
5,-75.4338,39.894,1706
6,-75.4338,39.894,1624
7,-75.4338,39.894,1667
0,-75.7009,40.8289,35
1,-75.7009,40.8289,70
2,-75.7009,40.8289,60
3,-75.7009,40.8289,77
4,-75.7009,40.8289,95
5,-75.7009,40.8289,96
6,-75.7009,40.8289,64
7,-75.7009,40.8289,65
0,-79.8736,41.4998,54
1,-79.8736,41.4998,69
2,-79.8736,41.4998,67
3,-79.8736,41.4998,72
4,-79.8736,41.4998,54
5,-79.8736,41.4998,80
6,-79.8736,41.4998,74
7,-79.8736,41.4998,77
0,-80.4091,40.3264,260
1,-80.4091,40.3264,204
2,-80.4091,40.3264,249
3,-80.4091,40.3264,357
4,-80.4091,40.3264,480
5,-80.4091,40.3264,490
6,-80.4091,40.3264,534
7,-80.4091,40.3264,394
0,-76.44800000000001,40.336999999999996,68
1,-76.44800000000001,40.336999999999996,102
2,-76.44800000000001,40.336999999999996,141
3,-76.44800000000001,40.336999999999996,234
4,-76.44800000000001,40.336999999999996,358
5,-76.44800000000001,40.336999999999996,454
6,-76.44800000000001,40.336999999999996,412
7,-76.44800000000001,40.336999999999996,561
0,-75.2744,40.2111,106
1,-75.2744,40.2111,115
2,-75.2744,40.2111,97
3,-75.2744,40.2111,95
4,-75.2744,40.2111,35
5,-75.2744,40.2111,60
6,-75.2744,40.2111,88
7,-75.2744,40.2111,53
0,-77.0278,40.3951,43
1,-77.0278,40.3951,70
2,-77.0278,40.3951,66
3,-77.0278,40.3951,51
4,-77.0278,40.3951,82
5,-77.0278,40.3951,43
6,-77.0278,40.3951,102
7,-77.0278,40.3951,46
0,-78.8446,40.4111,154
1,-78.8446,40.4111,201
2,-78.8446,40.4111,196
3,-78.8446,40.4111,386
4,-78.8446,40.4111,447
5,-78.8446,40.4111,457
6,-78.8446,40.4111,467
7,-78.8446,40.4111,165
0,-80.1873,40.4001,3415
1,-80.1873,40.4001,3213
2,-80.1873,40.4001,3534
3,-80.1873,40.4001,4014
4,-80.1873,40.4001,4639
5,-80.1873,40.4001,4758
6,-80.1873,40.4001,4967
7,-80.1873,40.4001,4653
0,-75.666,41.4846,485
1,-75.666,41.4846,462
2,-75.666,41.4846,414
3,-75.666,41.4846,321
4,-75.666,41.4846,380
5,-75.666,41.4846,421
6,-75.666,41.4846,539
7,-75.666,41.4846,508
0,-76.1391,40.3495,223
1,-76.1391,40.3495,323
2,-76.1391,40.3495,443
3,-76.1391,40.3495,497
4,-76.1391,40.3495,518
5,-76.1391,40.3495,511
6,-76.1391,40.3495,656
7,-76.1391,40.3495,563
0,-80.4738,40.5989,125
1,-80.4738,40.5989,140
2,-80.4738,40.5989,128
3,-80.4738,40.5989,182
4,-80.4738,40.5989,181
5,-80.4738,40.5989,223
6,-80.4738,40.5989,343
7,-80.4738,40.5989,276
0,-75.2731,41.3957,37
1,-75.2731,41.3957,33
2,-75.2731,41.3957,57
3,-75.2731,41.3957,18
4,-75.2731,41.3957,52
5,-75.2731,41.3957,34
6,-75.2731,41.3957,48
7,-75.2731,41.3957,19
0,-75.8762,41.8332,13
1,-75.8762,41.8332,18
2,-75.8762,41.8332,47
3,-75.8762,41.8332,21
4,-75.8762,41.8332,63
5,-75.8762,41.8332,47
6,-75.8762,41.8332,48
7,-75.8762,41.8332,135
0,-74.8852,40.1015,1421
1,-74.8852,40.1015,1632
2,-74.8852,40.1015,1213
3,-74.8852,40.1015,147
4,-74.8852,40.1015,2210
5,-74.8852,40.1015,734
6,-74.8852,40.1015,109
7,-74.8852,40.1015,121
0,-76.235,40.8565,119
1,-76.235,40.8565,206
2,-76.235,40.8565,202
3,-76.235,40.8565,220
4,-76.235,40.8565,324
5,-76.235,40.8565,551
6,-76.235,40.8565,519
7,-76.235,40.8565,415
0,-75.8214,41.3338,452
1,-75.8214,41.3338,471
2,-75.8214,41.3338,508
3,-75.8214,41.3338,779
4,-75.8214,41.3338,1148
5,-75.8214,41.3338,752
6,-75.8214,41.3338,1026
7,-75.8214,41.3338,1025
0,-79.4603,40.9185,124
1,-79.4603,40.9185,123
2,-79.4603,40.9185,88
3,-79.4603,40.9185,73
4,-79.4603,40.9185,177
5,-79.4603,40.9185,141
6,-79.4603,40.9185,175
7,-79.4603,40.9185,83
0,-77.3107,40.7078,5
1,-77.3107,40.7078,18
2,-77.3107,40.7078,23
3,-77.3107,40.7078,44
4,-77.3107,40.7078,17
5,-77.3107,40.7078,11
6,-77.3107,40.7078,43
7,-77.3107,40.7078,67
0,-75.2024,40.6295,407
1,-75.2024,40.6295,311
2,-75.2024,40.6295,245
3,-75.2024,40.6295,207
4,-75.2024,40.6295,171
5,-75.2024,40.6295,132
6,-75.2024,40.6295,239
7,-75.2024,40.6295,100
0,-78.1697,40.3821,62
1,-78.1697,40.3821,79
2,-78.1697,40.3821,64
3,-78.1697,40.3821,44
4,-78.1697,40.3821,44
5,-78.1697,40.3821,64
6,-78.1697,40.3821,33
7,-78.1697,40.3821,69
0,-76.5841,39.9163,503
1,-76.5841,39.9163,486
2,-76.5841,39.9163,705
3,-76.5841,39.9163,891
4,-76.5841,39.9163,964
5,-76.5841,39.9163,1130
6,-76.5841,39.9163,998
7,-76.5841,39.9163,1168
0,-78.7749,41.1062,72
1,-78.7749,41.1062,31
2,-78.7749,41.1062,26
3,-78.7749,41.1062,47
4,-78.7749,41.1062,37
5,-78.7749,41.1062,57
6,-78.7749,41.1062,32
7,-78.7749,41.1062,40
0,-75.885,39.9639,229
1,-75.885,39.9639,297
2,-75.885,39.9639,343
3,-75.885,39.9639,403
4,-75.885,39.9639,468
5,-75.885,39.9639,535
6,-75.885,39.9639,456
7,-75.885,39.9639,563
0,-79.74,40.9505,81
1,-79.74,40.9505,121
2,-79.74,40.9505,85
3,-79.74,40.9505,129
4,-79.74,40.9505,190
5,-79.74,40.9505,184
6,-79.74,40.9505,192
7,-79.74,40.9505,218
0,-78.66,41.8694,76
1,-78.66,41.8694,30
2,-78.66,41.8694,25
3,-78.66,41.8694,36
4,-78.66,41.8694,36
5,-78.66,41.8694,47
6,-78.66,41.8694,63
7,-78.66,41.8694,19
0,-77.5306,41.0094,13
1,-77.5306,41.0094,15
2,-77.5306,41.0094,13
3,-77.5306,41.0094,42
4,-77.5306,41.0094,69
5,-77.5306,41.0094,55
6,-77.5306,41.0094,46
7,-77.5306,41.0094,15
0,-76.3275,39.832,383
1,-76.3275,39.832,464
2,-76.3275,39.832,455
3,-76.3275,39.832,457
4,-76.3275,39.832,459
5,-76.3275,39.832,615
6,-76.3275,39.832,723
7,-76.3275,39.832,1076
0,-79.0941,41.7806,77
1,-79.0941,41.7806,33
2,-79.0941,41.7806,41
3,-79.0941,41.7806,7
4,-79.0941,41.7806,28
5,-79.0941,41.7806,14
6,-79.0941,41.7806,4
7,-79.0941,41.7806,6
0,-79.44800000000001,41.4937,4
1,-79.44800000000001,41.4937,9
2,-79.44800000000001,41.4937,0
3,-79.44800000000001,41.4937,0
4,-79.44800000000001,41.4937,6
5,-79.44800000000001,41.4937,2
6,-79.44800000000001,41.4937,7
7,-79.44800000000001,41.4937,9
0,-77.1569,39.8826,52
1,-77.1569,39.8826,60
2,-77.1569,39.8826,41
3,-77.1569,39.8826,60
4,-77.1569,39.8826,50
5,-77.1569,39.8826,92
6,-77.1569,39.8826,102
7,-77.1569,39.8826,80
0,-75.418,41.177,152
1,-75.418,41.177,146
2,-75.418,41.177,181
3,-75.418,41.177,240
4,-75.418,41.177,244
5,-75.418,41.177,305
6,-75.418,41.177,220
7,-75.418,41.177,244
0,-79.3803,41.2106,52
1,-79.3803,41.2106,71
2,-79.3803,41.2106,39
3,-79.3803,41.2106,51
4,-79.3803,41.2106,39
5,-79.3803,41.2106,25
6,-79.3803,41.2106,19
7,-79.3803,41.2106,30
0,-75.5072,40.6666,407
1,-75.5072,40.6666,440
2,-75.5072,40.6666,262
3,-75.5072,40.6666,307
4,-75.5072,40.6666,206
5,-75.5072,40.6666,185
6,-75.5072,40.6666,239
7,-75.5072,40.6666,209
0,-79.1646,40.6783,195
1,-79.1646,40.6783,158
2,-79.1646,40.6783,71
3,-79.1646,40.6783,53
4,-79.1646,40.6783,52
5,-79.1646,40.6783,93
6,-79.1646,40.6783,84
7,-79.1646,40.6783,59
0,-76.9274,40.2422,46
1,-76.9274,40.2422,30
2,-76.9274,40.2422,34
3,-76.9274,40.2422,38
4,-76.9274,40.2422,53
5,-76.9274,40.2422,52
6,-76.9274,40.2422,14
7,-76.9274,40.2422,17
0,-76.1763,41.7606,75
1,-76.1763,41.7606,59
2,-76.1763,41.7606,98
3,-76.1763,41.7606,93
4,-76.1763,41.7606,88
5,-76.1763,41.7606,71
6,-76.1763,41.7606,99
7,-76.1763,41.7606,35
0,-78.5075,40.2592,46
1,-78.5075,40.2592,41
2,-78.5075,40.2592,52
3,-78.5075,40.2592,46
4,-78.5075,40.2592,30
5,-78.5075,40.2592,35
6,-78.5075,40.2592,38
7,-78.5075,40.2592,21
0,-77.7057,40.98,65
1,-77.7057,40.98,64
2,-77.7057,40.98,70
3,-77.7057,40.98,75
4,-77.7057,40.98,60
5,-77.7057,40.98,104
6,-77.7057,40.98,92
7,-77.7057,40.98,138
0,-77.8141,40.5331,26
1,-77.8141,40.5331,32
2,-77.8141,40.5331,37
3,-77.8141,40.5331,21
4,-77.8141,40.5331,33
5,-77.8141,40.5331,35
6,-77.8141,40.5331,44
7,-77.8141,40.5331,68
0,-80.0893,41.1572,69
1,-80.0893,41.1572,87
2,-80.0893,41.1572,97
3,-80.0893,41.1572,83
4,-80.0893,41.1572,121
5,-80.0893,41.1572,123
6,-80.0893,41.1572,81
7,-80.0893,41.1572,91
0,-76.9455,41.3265,138
1,-76.9455,41.3265,120
2,-76.9455,41.3265,133
3,-76.9455,41.3265,261
4,-76.9455,41.3265,256
5,-76.9455,41.3265,213
6,-76.9455,41.3265,340
7,-76.9455,41.3265,283
0,-78.8765,40.9702,70
1,-78.8765,40.9702,102
2,-78.8765,40.9702,64
3,-78.8765,40.9702,35
4,-78.8765,40.9702,44
5,-78.8765,40.9702,19
6,-78.8765,40.9702,17
7,-78.8765,40.9702,60
0,-78.2272,40.6864,231
1,-78.2272,40.6864,131
2,-78.2272,40.6864,220
3,-78.2272,40.6864,202
4,-78.2272,40.6864,399
5,-78.2272,40.6864,320
6,-78.2272,40.6864,251
7,-78.2272,40.6864,308
0,-79.9986,39.9476,80
1,-79.9986,39.9476,50
2,-79.9986,39.9476,37
3,-79.9986,39.9476,58
4,-79.9986,39.9476,52
5,-79.9986,39.9476,45
6,-79.9986,39.9476,45
7,-79.9986,39.9476,32
0,-80.2625,40.8618,105
1,-80.2625,40.8618,104
2,-80.2625,40.8618,97
3,-80.2625,40.8618,175
4,-80.2625,40.8618,172
5,-80.2625,40.8618,99
6,-80.2625,40.8618,75
7,-80.2625,40.8618,97
0,-77.069,41.6795,6
1,-77.069,41.6795,19
2,-77.069,41.6795,8
3,-77.069,41.6795,38
4,-77.069,41.6795,12
5,-77.069,41.6795,35
6,-77.069,41.6795,7
7,-77.069,41.6795,17
0,-77.515,39.7243,112
1,-77.515,39.7243,108
2,-77.515,39.7243,132
3,-77.515,39.7243,131
4,-77.515,39.7243,161
5,-77.515,39.7243,162
6,-77.515,39.7243,190
7,-77.515,39.7243,147
0,-79.5872,40.0903,194
1,-79.5872,40.0903,308
2,-79.5872,40.0903,311
3,-79.5872,40.0903,285
4,-79.5872,40.0903,360
5,-79.5872,40.0903,341
6,-79.5872,40.0903,293
7,-79.5872,40.0903,305
0,-76.4969,41.0177,37
1,-76.4969,41.0177,59
2,-76.4969,41.0177,69
3,-76.4969,41.0177,49
4,-76.4969,41.0177,123
5,-76.4969,41.0177,69
6,-76.4969,41.0177,76
7,-76.4969,41.0177,36
0,-78.77199999999999,39.9834,63
1,-78.77199999999999,39.9834,92
2,-78.77199999999999,39.9834,32
3,-78.77199999999999,39.9834,101
4,-78.77199999999999,39.9834,104
5,-78.77199999999999,39.9834,80
6,-78.77199999999999,39.9834,98
7,-78.77199999999999,39.9834,85
0,-79.8333,42.2134,203
1,-79.8333,42.2134,236
2,-79.8333,42.2134,264
3,-79.8333,42.2134,238
4,-79.8333,42.2134,322
5,-79.8333,42.2134,274
6,-79.8333,42.2134,295
7,-79.8333,42.2134,316
0,-76.8843,40.2752,369
1,-76.8843,40.2752,335
2,-76.8843,40.2752,365
3,-76.8843,40.2752,471
4,-76.8843,40.2752,812
5,-76.8843,40.2752,866
6,-76.8843,40.2752,694
7,-76.8843,40.2752,1145
0,-78.6869,41.5726,24
1,-78.6869,41.5726,17
2,-78.6869,41.5726,15
3,-78.6869,41.5726,12
4,-78.6869,41.5726,27
5,-78.6869,41.5726,29
6,-78.6869,41.5726,41
7,-78.6869,41.5726,50
0,-76.5832,41.4102,3
1,-76.5832,41.4102,3
2,-76.5832,41.4102,7
3,-76.5832,41.4102,2
4,-76.5832,41.4102,4
5,-76.5832,41.4102,0
6,-76.5832,41.4102,1
7,-76.5832,41.4102,1
0,-76.6713,40.7841,37
1,-76.6713,40.7841,49
2,-76.6713,40.7841,93
3,-76.6713,40.7841,61
4,-76.6713,40.7841,129
5,-76.6713,40.7841,76
6,-76.6713,40.7841,78
7,-76.6713,40.7841,85
0,-76.0457,41.6119,39
1,-76.0457,41.6119,32
2,-76.0457,41.6119,39
3,-76.0457,41.6119,30
4,-76.0457,41.6119,79
5,-76.0457,41.6119,40
6,-76.0457,41.6119,62
7,-76.0457,41.6119,29
0,-78.1989,41.4148,5
1,-78.1989,41.4148,0
2,-78.1989,41.4148,6
3,-78.1989,41.4148,17
4,-78.1989,41.4148,0
5,-78.1989,41.4148,1
6,-78.1989,41.4148,0
7,-78.1989,41.4148,0
0,-79.8364,41.8176,59
1,-79.8364,41.8176,53
2,-79.8364,41.8176,72
3,-79.8364,41.8176,74
4,-79.8364,41.8176,60
5,-79.8364,41.8176,118
6,-79.8364,41.8176,156
7,-79.8364,41.8176,81
0,-77.1564,40.9002,9
1,-77.1564,40.9002,17
2,-77.1564,40.9002,23
3,-77.1564,40.9002,7
4,-77.1564,40.9002,9
5,-77.1564,40.9002,11
6,-77.1564,40.9002,9
7,-77.1564,40.9002,25
0,-76.635,40.9865,2
1,-76.635,40.9865,12
2,-76.635,40.9865,11
3,-76.635,40.9865,40
4,-76.635,40.9865,21
5,-76.635,40.9865,5
6,-76.635,40.9865,9
7,-76.635,40.9865,11
0,-77.11399999999999,40.6868,6
1,-77.11399999999999,40.6868,7
2,-77.11399999999999,40.6868,33
3,-77.11399999999999,40.6868,19
4,-77.11399999999999,40.6868,39
5,-77.11399999999999,40.6868,7
6,-77.11399999999999,40.6868,8
7,-77.11399999999999,40.6868,28
0,-77.9958,39.931999999999995,34
1,-77.9958,39.931999999999995,18
2,-77.9958,39.931999999999995,5
3,-77.9958,39.931999999999995,18
4,-77.9958,39.931999999999995,2
5,-77.9958,39.931999999999995,4
6,-77.9958,39.931999999999995,5
7,-77.9958,39.931999999999995,6
0,-78.0205,41.9207,28
1,-78.0205,41.9207,31
2,-78.0205,41.9207,39
3,-78.0205,41.9207,31
4,-78.0205,41.9207,19
5,-78.0205,41.9207,45
6,-78.0205,41.9207,20
7,-78.0205,41.9207,21
0,-75.183,41.4045,53
1,-75.183,41.4045,60
2,-75.183,41.4045,33
3,-75.183,41.4045,46
4,-75.183,41.4045,50
5,-75.183,41.4045,41
6,-75.183,41.4045,37
7,-75.183,41.4045,33
0,-75.134,40.0076,6259
1,-75.134,40.0076,5958
2,-75.134,40.0076,5730
3,-75.134,40.0076,5143
4,-75.134,40.0076,4809
5,-75.134,40.0076,6700
6,-75.134,40.0076,7055
7,-75.134,40.0076,9156
0,-82.80799999999999,41.4011,114
1,-82.80799999999999,41.4011,207
2,-82.80799999999999,41.4011,250
3,-82.80799999999999,41.4011,302
4,-82.80799999999999,41.4011,404
5,-82.80799999999999,41.4011,451
6,-82.80799999999999,41.4011,509
7,-82.80799999999999,41.4011,421
0,-84.2693,41.0997,5
1,-84.2693,41.0997,2
2,-84.2693,41.0997,3
3,-84.2693,41.0997,2
4,-84.2693,41.0997,0
5,-84.2693,41.0997,10
6,-84.2693,41.0997,11
7,-84.2693,41.0997,3
0,-83.9415,41.371,5
1,-83.9415,41.371,21
2,-83.9415,41.371,13
3,-83.9415,41.371,8
4,-83.9415,41.371,9
5,-83.9415,41.371,20
6,-83.9415,41.371,9
7,-83.9415,41.371,2
0,-81.9157,41.3128,37
1,-81.9157,41.3128,44
2,-81.9157,41.3128,34
3,-81.9157,41.3128,54
4,-81.9157,41.3128,76
5,-81.9157,41.3128,727
6,-81.9157,41.3128,1101
7,-81.9157,41.3128,1072
0,-83.4363,41.3236,120
1,-83.4363,41.3236,155
2,-83.4363,41.3236,165
3,-83.4363,41.3236,193
4,-83.4363,41.3236,225
5,-83.4363,41.3236,165
6,-83.4363,41.3236,227
7,-83.4363,41.3236,147
0,-83.58200000000001,41.6639,750
1,-83.58200000000001,41.6639,576
2,-83.58200000000001,41.6639,756
3,-83.58200000000001,41.6639,722
4,-83.58200000000001,41.6639,506
5,-83.58200000000001,41.6639,824
6,-83.58200000000001,41.6639,871
7,-83.58200000000001,41.6639,798
0,-82.84200000000001,38.7383,462
1,-82.84200000000001,38.7383,420
2,-82.84200000000001,38.7383,452
3,-82.84200000000001,38.7383,382
4,-82.84200000000001,38.7383,312
5,-82.84200000000001,38.7383,337
6,-82.84200000000001,38.7383,440
7,-82.84200000000001,38.7383,330
0,-82.01799999999999,39.9037,35
1,-82.01799999999999,39.9037,29
2,-82.01799999999999,39.9037,33
3,-82.01799999999999,39.9037,73
4,-82.01799999999999,39.9037,141
5,-82.01799999999999,39.9037,123
6,-82.01799999999999,39.9037,118
7,-82.01799999999999,39.9037,153
0,-81.5348,41.4948,893
1,-81.5348,41.4948,905
2,-81.5348,41.4948,2624
3,-81.5348,41.4948,3011
4,-81.5348,41.4948,3529
5,-81.5348,41.4948,3877
6,-81.5348,41.4948,5410
7,-81.5348,41.4948,7381
0,-84.76299999999999,39.1864,3628
1,-84.76299999999999,39.1864,2949
2,-84.76299999999999,39.1864,3880
3,-84.76299999999999,39.1864,4029
4,-84.76299999999999,39.1864,4384
5,-84.76299999999999,39.1864,6243
6,-84.76299999999999,39.1864,7825
7,-84.76299999999999,39.1864,9995
0,-83.5444,40.4007,75
1,-83.5444,40.4007,107
2,-83.5444,40.4007,72
3,-83.5444,40.4007,81
4,-83.5444,40.4007,97
5,-83.5444,40.4007,108
6,-83.5444,40.4007,134
7,-83.5444,40.4007,144
0,-84.41799999999999,41.5024,1
1,-84.41799999999999,41.5024,7
2,-84.41799999999999,41.5024,2
3,-84.41799999999999,41.5024,11
4,-84.41799999999999,41.5024,5
5,-84.41799999999999,41.5024,6
6,-84.41799999999999,41.5024,16
7,-84.41799999999999,41.5024,1
0,-84.1532,39.2325,349
1,-84.1532,39.2325,481
2,-84.1532,39.2325,398
3,-84.1532,39.2325,373
4,-84.1532,39.2325,452
5,-84.1532,39.2325,493
6,-84.1532,39.2325,542
7,-84.1532,39.2325,613
0,-84.7746,40.8006,69
1,-84.7746,40.8006,68
2,-84.7746,40.8006,84
3,-84.7746,40.8006,34
4,-84.7746,40.8006,66
5,-84.7746,40.8006,53
6,-84.7746,40.8006,44
7,-84.7746,40.8006,68
0,-82.5049,40.5342,10
1,-82.5049,40.5342,25
2,-82.5049,40.5342,57
3,-82.5049,40.5342,87
4,-82.5049,40.5342,37
5,-82.5049,40.5342,34
6,-82.5049,40.5342,56
7,-82.5049,40.5342,57
0,-83.3285,41.2162,85
1,-83.3285,41.2162,86
2,-83.3285,41.2162,62
3,-83.3285,41.2162,108
4,-83.3285,41.2162,162
5,-83.3285,41.2162,207
6,-83.3285,41.2162,182
7,-83.3285,41.2162,122
0,-83.8235,40.9348,124
1,-83.8235,40.9348,145
2,-83.8235,40.9348,152
3,-83.8235,40.9348,178
4,-83.8235,40.9348,260
5,-83.8235,40.9348,373
6,-83.8235,40.9348,358
7,-83.8235,40.9348,328
0,-82.4271,39.921,100
1,-82.4271,39.921,103
2,-82.4271,39.921,44
3,-82.4271,39.921,39
4,-82.4271,39.921,62
5,-82.4271,39.921,121
6,-82.4271,39.921,95
7,-82.4271,39.921,46
0,-81.1313,40.1621,38
1,-81.1313,40.1621,113
2,-81.1313,40.1621,99
3,-81.1313,40.1621,129
4,-81.1313,40.1621,223
5,-81.1313,40.1621,198
6,-81.1313,40.1621,176
7,-81.1313,40.1621,210
0,-82.6108,39.1117,232
1,-82.6108,39.1117,192
2,-82.6108,39.1117,163
3,-82.6108,39.1117,219
4,-82.6108,39.1117,203
5,-82.6108,39.1117,328
6,-82.6108,39.1117,346
7,-82.6108,39.1117,217
0,-82.03399999999999,39.0292,43
1,-82.03399999999999,39.0292,76
2,-82.03399999999999,39.0292,61
3,-82.03399999999999,39.0292,63
4,-82.03399999999999,39.0292,22
5,-82.03399999999999,39.0292,22
6,-82.03399999999999,39.0292,40
7,-82.03399999999999,39.0292,12
0,-83.5564,39.6522,33
1,-83.5564,39.6522,56
2,-83.5564,39.6522,52
3,-83.5564,39.6522,53
4,-83.5564,39.6522,154
5,-83.5564,39.6522,140
6,-83.5564,39.6522,159
7,-83.5564,39.6522,183
0,-83.2628,40.3533,68
1,-83.2628,40.3533,103
2,-83.2628,40.3533,127
3,-83.2628,40.3533,47
4,-83.2628,40.3533,38
5,-83.2628,40.3533,56
6,-83.2628,40.3533,85
7,-83.2628,40.3533,89
0,-82.4915,41.2508,87
1,-82.4915,41.2508,135
2,-82.4915,41.2508,173
3,-82.4915,41.2508,205
4,-82.4915,41.2508,239
5,-82.4915,41.2508,317
6,-82.4915,41.2508,258
7,-82.4915,41.2508,213
0,-82.4502,40.9345,180
1,-82.4502,40.9345,169
2,-82.4502,40.9345,184
3,-82.4502,40.9345,210
4,-82.4502,40.9345,294
5,-82.4502,40.9345,340
6,-82.4502,40.9345,355
7,-82.4502,40.9345,293
0,-84.3165,39.7927,1685
1,-84.3165,39.7927,2063
2,-84.3165,39.7927,2356
3,-84.3165,39.7927,3011
4,-84.3165,39.7927,3057
5,-84.3165,39.7927,2932
6,-84.3165,39.7927,3107
7,-84.3165,39.7927,3560
0,-84.5652,39.3938,494
1,-84.5652,39.3938,523
2,-84.5652,39.3938,771
3,-84.5652,39.3938,983
4,-84.5652,39.3938,1055
5,-84.5652,39.3938,1078
6,-84.5652,39.3938,1067
7,-84.5652,39.3938,1275
0,-81.4165,40.8159,274
1,-81.4165,40.8159,337
2,-81.4165,40.8159,78
3,-81.4165,40.8159,35
4,-81.4165,40.8159,664
5,-81.4165,40.8159,710
6,-81.4165,40.8159,1135
7,-81.4165,40.8159,1155
0,-81.9948,40.9864,162
1,-81.9948,40.9864,147
2,-81.9948,40.9864,141
3,-81.9948,40.9864,206
4,-81.9948,40.9864,223
5,-81.9948,40.9864,222
6,-81.9948,40.9864,278
7,-81.9948,40.9864,271
0,-82.2818,40.9214,171
1,-82.2818,40.9214,143
2,-82.2818,40.9214,153
3,-82.2818,40.9214,188
4,-82.2818,40.9214,190
5,-82.2818,40.9214,314
6,-82.2818,40.9214,333
7,-82.2818,40.9214,314
0,-81.495,40.5609,57
1,-81.495,40.5609,74
2,-81.495,40.5609,38
3,-81.495,40.5609,62
4,-81.495,40.5609,65
5,-81.495,40.5609,77
6,-81.495,40.5609,105
7,-81.495,40.5609,116
0,-84.2855,41.3259,100
1,-84.2855,41.3259,83
2,-84.2855,41.3259,61
3,-84.2855,41.3259,103
4,-84.2855,41.3259,192
5,-84.2855,41.3259,269
6,-84.2855,41.3259,220
7,-84.2855,41.3259,156
0,-80.6173,41.8567,104
1,-80.6173,41.8567,136
2,-80.6173,41.8567,237
3,-80.6173,41.8567,260
4,-80.6173,41.8567,391
5,-80.6173,41.8567,415
6,-80.6173,41.8567,496
7,-80.6173,41.8567,445
0,-83.7878,38.8673,86
1,-83.7878,38.8673,87
2,-83.7878,38.8673,125
3,-83.7878,38.8673,129
4,-83.7878,38.8673,112
5,-83.7878,38.8673,242
6,-83.7878,38.8673,158
7,-83.7878,38.8673,108
0,-83.0703,39.8665,812
1,-83.0703,39.8665,1459
2,-83.0703,39.8665,1534
3,-83.0703,39.8665,2218
4,-83.0703,39.8665,2770
5,-83.0703,39.8665,2806
6,-83.0703,39.8665,2926
7,-83.0703,39.8665,3016
0,-82.6618,40.6209,47
1,-82.6618,40.6209,66
2,-82.6618,40.6209,81
3,-82.6618,40.6209,44
4,-82.6618,40.6209,76
5,-82.6618,40.6209,66
6,-82.6618,40.6209,54
7,-82.6618,40.6209,63
0,-82.7779,39.554,171
1,-82.7779,39.554,208
2,-82.7779,39.554,243
3,-82.7779,39.554,237
4,-82.7779,39.554,243
5,-82.7779,39.554,157
6,-82.7779,39.554,78
7,-82.7779,39.554,100
0,-81.5219,41.0802,336
1,-81.5219,41.0802,308
2,-81.5219,41.0802,278
3,-81.5219,41.0802,371
4,-81.5219,41.0802,444
5,-81.5219,41.0802,667
6,-81.5219,41.0802,771
7,-81.5219,41.0802,1175
0,-81.7517,40.2761,9
1,-81.7517,40.2761,19
2,-81.7517,40.2761,46
3,-81.7517,40.2761,47
4,-81.7517,40.2761,36
5,-81.7517,40.2761,38
6,-81.7517,40.2761,38
7,-81.7517,40.2761,66
0,-83.2993,39.9487,112
1,-83.2993,39.9487,155
2,-83.2993,39.9487,163
3,-83.2993,39.9487,129
4,-83.2993,39.9487,249
5,-83.2993,39.9487,148
6,-83.2993,39.9487,200
7,-83.2993,39.9487,86
0,-83.3218,41.388000000000005,20
1,-83.3218,41.388000000000005,19
2,-83.3218,41.388000000000005,99
3,-83.3218,41.388000000000005,79
4,-83.3218,41.388000000000005,122
5,-83.3218,41.388000000000005,182
6,-83.3218,41.388000000000005,304
7,-83.3218,41.388000000000005,164
0,-81.0231,40.9207,626
1,-81.0231,40.9207,650
2,-81.0231,40.9207,564
3,-81.0231,40.9207,617
4,-81.0231,40.9207,798
5,-81.0231,40.9207,882
6,-81.0231,40.9207,928
7,-81.0231,40.9207,703
0,-84.1236,39.3496,274
1,-84.1236,39.3496,313
2,-84.1236,39.3496,340
3,-84.1236,39.3496,414
4,-84.1236,39.3496,365
5,-84.1236,39.3496,380
6,-84.1236,39.3496,422
7,-84.1236,39.3496,428
0,-81.2824,39.9156,2
1,-81.2824,39.9156,23
2,-81.2824,39.9156,2
3,-81.2824,39.9156,7
4,-81.2824,39.9156,19
5,-81.2824,39.9156,21
6,-81.2824,39.9156,14
7,-81.2824,39.9156,16
0,-84.7378,41.1798,8
1,-84.7378,41.1798,11
2,-84.7378,41.1798,3
3,-84.7378,41.1798,6
4,-84.7378,41.1798,14
5,-84.7378,41.1798,23
6,-84.7378,41.1798,14
7,-84.7378,41.1798,14
0,-82.1261,39.4005,267
1,-82.1261,39.4005,307
2,-82.1261,39.4005,250
3,-82.1261,39.4005,237
4,-82.1261,39.4005,282
5,-82.1261,39.4005,217
6,-82.1261,39.4005,236
7,-82.1261,39.4005,216
0,-81.2812,40.2737,0
1,-81.2812,40.2737,10
2,-81.2812,40.2737,8
3,-81.2812,40.2737,16
4,-81.2812,40.2737,7
5,-81.2812,40.2737,20
6,-81.2812,40.2737,21
7,-81.2812,40.2737,17
0,-82.4129,39.9595,371
1,-82.4129,39.9595,675
2,-82.4129,39.9595,508
3,-82.4129,39.9595,284
4,-82.4129,39.9595,250
5,-82.4129,39.9595,348
6,-82.4129,39.9595,267
7,-82.4129,39.9595,332
0,-82.4488,38.4298,110
1,-82.4488,38.4298,115
2,-82.4488,38.4298,138
3,-82.4488,38.4298,134
4,-82.4488,38.4298,163
5,-82.4488,38.4298,224
6,-82.4488,38.4298,188
7,-82.4488,38.4298,235
0,-82.5446,39.8426,314
1,-82.5446,39.8426,379
2,-82.5446,39.8426,463
3,-82.5446,39.8426,447
4,-82.5446,39.8426,311
5,-82.5446,39.8426,524
6,-82.5446,39.8426,400
7,-82.5446,39.8426,318
0,-81.469,41.6072,424
1,-81.469,41.6072,599
2,-81.469,41.6072,703
3,-81.469,41.6072,1034
4,-81.469,41.6072,931
5,-81.469,41.6072,1546
6,-81.469,41.6072,2195
7,-81.469,41.6072,2127
0,-81.4562,39.6314,120
1,-81.4562,39.6314,109
2,-81.4562,39.6314,110
3,-81.4562,39.6314,154
4,-81.4562,39.6314,127
5,-81.4562,39.6314,143
6,-81.4562,39.6314,185
7,-81.4562,39.6314,178
0,-82.1463,38.8862,240
1,-82.1463,38.8862,180
2,-82.1463,38.8862,74
3,-82.1463,38.8862,121
4,-82.1463,38.8862,187
5,-82.1463,38.8862,289
6,-82.1463,38.8862,238
7,-82.1463,38.8862,297
0,-82.0122,41.0348,244
1,-82.0122,41.0348,228
2,-82.0122,41.0348,192
3,-82.0122,41.0348,257
4,-82.0122,41.0348,281
5,-82.0122,41.0348,333
6,-82.0122,41.0348,330
7,-82.0122,41.0348,343
0,-83.8109,39.3224,138
1,-83.8109,39.3224,117
2,-83.8109,39.3224,140
3,-83.8109,39.3224,90
4,-83.8109,39.3224,168
5,-83.8109,39.3224,212
6,-83.8109,39.3224,195
7,-83.8109,39.3224,241
0,-80.675,40.8871,61
1,-80.675,40.8871,96
2,-80.675,40.8871,115
3,-80.675,40.8871,206
4,-80.675,40.8871,320
5,-80.675,40.8871,300
6,-80.675,40.8871,492
7,-80.675,40.8871,350
0,-84.0848,40.8305,140
1,-84.0848,40.8305,190
2,-84.0848,40.8305,207
3,-84.0848,40.8305,296
4,-84.0848,40.8305,310
5,-84.0848,40.8305,318
6,-84.0848,40.8305,240
7,-84.0848,40.8305,165
0,-83.9053,41.7113,13
1,-83.9053,41.7113,26
2,-83.9053,41.7113,41
3,-83.9053,41.7113,44
4,-83.9053,41.7113,36
5,-83.9053,41.7113,41
6,-83.9053,41.7113,31
7,-83.9053,41.7113,46
0,-80.6656,41.461999999999996,292
1,-80.6656,41.461999999999996,330
2,-80.6656,41.461999999999996,414
3,-80.6656,41.461999999999996,432
4,-80.6656,41.461999999999996,554
5,-80.6656,41.461999999999996,712
6,-80.6656,41.461999999999996,713
7,-80.6656,41.461999999999996,845
0,-83.9635,40.2174,79
1,-83.9635,40.2174,47
2,-83.9635,40.2174,40
3,-83.9635,40.2174,76
4,-83.9635,40.2174,85
5,-83.9635,40.2174,202
6,-83.9635,40.2174,114
7,-83.9635,40.2174,117
0,-83.1842,39.4069,457
1,-83.1842,39.4069,307
2,-83.1842,39.4069,188
3,-83.1842,39.4069,251
4,-83.1842,39.4069,293
5,-83.1842,39.4069,284
6,-83.1842,39.4069,267
7,-83.1842,39.4069,257
0,-83.7431,39.6598,162
1,-83.7431,39.6598,179
2,-83.7431,39.6598,190
3,-83.7431,39.6598,276
4,-83.7431,39.6598,359
5,-83.7431,39.6598,441
6,-83.7431,39.6598,425
7,-83.7431,39.6598,446
0,-81.9164,40.5533,17
1,-81.9164,40.5533,20
2,-81.9164,40.5533,33
3,-81.9164,40.5533,35
4,-81.9164,40.5533,11
5,-81.9164,40.5533,17
6,-81.9164,40.5533,7
7,-81.9164,40.5533,12
0,-84.2597,40.4389,72
1,-84.2597,40.4389,81
2,-84.2597,40.4389,114
3,-84.2597,40.4389,188
4,-84.2597,40.4389,142
5,-84.2597,40.4389,168
6,-84.2597,40.4389,222
7,-84.2597,40.4389,192
0,-81.5868,40.0221,90
1,-81.5868,40.0221,90
2,-81.5868,40.0221,99
3,-81.5868,40.0221,146
4,-81.5868,40.0221,266
5,-81.5868,40.0221,304
6,-81.5868,40.0221,274
7,-81.5868,40.0221,240
0,-84.7761,40.4113,63
1,-84.7761,40.4113,124
2,-84.7761,40.4113,76
3,-84.7761,40.4113,117
4,-84.7761,40.4113,91
5,-84.7761,40.4113,92
6,-84.7761,40.4113,42
7,-84.7761,40.4113,52
0,-81.0501,41.0245,222
1,-81.0501,41.0245,189
2,-81.0501,41.0245,240
3,-81.0501,41.0245,287
4,-81.0501,41.0245,367
5,-81.0501,41.0245,411
6,-81.0501,41.0245,440
7,-81.0501,41.0245,321
0,-82.8369,41.5853,25
1,-82.8369,41.5853,44
2,-82.8369,41.5853,57
3,-82.8369,41.5853,85
4,-82.8369,41.5853,50
5,-82.8369,41.5853,43
6,-82.8369,41.5853,90
7,-82.8369,41.5853,65
0,-84.7133,39.7917,33
1,-84.7133,39.7917,17
2,-84.7133,39.7917,52
3,-84.7133,39.7917,62
4,-84.7133,39.7917,31
5,-84.7133,39.7917,35
6,-84.7133,39.7917,96
7,-84.7133,39.7917,107
0,-83.4713,38.8559,265
1,-83.4713,38.8559,143
2,-83.4713,38.8559,175
3,-83.4713,38.8559,112
4,-83.4713,38.8559,164
5,-83.4713,38.8559,160
6,-83.4713,38.8559,184
7,-83.4713,38.8559,107
0,-82.9102,39.1517,90
1,-82.9102,39.1517,71
2,-82.9102,39.1517,17
3,-82.9102,39.1517,70
4,-82.9102,39.1517,62
5,-82.9102,39.1517,86
6,-82.9102,39.1517,81
7,-82.9102,39.1517,59
0,-84.6384,40.2802,30
1,-84.6384,40.2802,68
2,-84.6384,40.2802,31
3,-84.6384,40.2802,78
4,-84.6384,40.2802,138
5,-84.6384,40.2802,136
6,-84.6384,40.2802,81
7,-84.6384,40.2802,110
0,-82.7773,40.7392,81
1,-82.7773,40.7392,51
2,-82.7773,40.7392,109
3,-82.7773,40.7392,129
4,-82.7773,40.7392,238
5,-82.7773,40.7392,218
6,-82.7773,40.7392,261
7,-82.7773,40.7392,133
0,-81.0354,39.8489,2
1,-81.0354,39.8489,14
2,-81.0354,39.8489,10
3,-81.0354,39.8489,26
4,-81.0354,39.8489,65
5,-81.0354,39.8489,34
6,-81.0354,39.8489,31
7,-81.0354,39.8489,48
0,-83.3836,40.95,11
1,-83.3836,40.95,10
2,-83.3836,40.95,2
3,-83.3836,40.95,20
4,-83.3836,40.95,73
5,-83.3836,40.95,55
6,-83.3836,40.95,47
7,-83.3836,40.95,66
0,-80.652,40.3653,44
1,-80.652,40.3653,97
2,-80.652,40.3653,86
3,-80.652,40.3653,113
4,-80.652,40.3653,132
5,-80.652,40.3653,132
6,-80.652,40.3653,141
7,-80.652,40.3653,87
0,-83.08,40.1679,1265
1,-83.08,40.1679,683
2,-83.08,40.1679,225
3,-83.08,40.1679,230
4,-83.08,40.1679,293
5,-83.08,40.1679,333
6,-83.08,40.1679,283
7,-83.08,40.1679,223
0,-81.0591,41.3722,26
1,-81.0591,41.3722,23
2,-81.0591,41.3722,23
3,-81.0591,41.3722,64
4,-81.0591,41.3722,116
5,-81.0591,41.3722,124
6,-81.0591,41.3722,115
7,-81.0591,41.3722,78
0,-81.0031,40.5209,12
1,-81.0031,40.5209,16
2,-81.0031,40.5209,23
3,-81.0031,40.5209,15
4,-81.0031,40.5209,14
5,-81.0031,40.5209,6
6,-81.0031,40.5209,12
7,-81.0031,40.5209,19
0,-84.0243,39.8862,33
1,-84.0243,39.8862,12
2,-84.0243,39.8862,16
3,-84.0243,39.8862,58
4,-84.0243,39.8862,49
5,-84.0243,39.8862,240
6,-84.0243,39.8862,388
7,-84.0243,39.8862,567
0,-82.5243,39.1591,40
1,-82.5243,39.1591,31
2,-82.5243,39.1591,51
3,-82.5243,39.1591,41
4,-82.5243,39.1591,25
5,-82.5243,39.1591,75
6,-82.5243,39.1591,52
7,-82.5243,39.1591,11
0,-84.4084,39.9951,100
1,-84.4084,39.9951,99
2,-84.4084,39.9951,115
3,-84.4084,39.9951,151
4,-84.4084,39.9951,203
5,-84.4084,39.9951,221
6,-84.4084,39.9951,210
7,-84.4084,39.9951,334
0,-83.5114,40.8064,190
1,-83.5114,40.8064,163
2,-83.5114,40.8064,199
3,-83.5114,40.8064,192
4,-83.5114,40.8064,107
5,-83.5114,40.8064,135
6,-83.5114,40.8064,95
7,-83.5114,40.8064,84
0,-83.3871,39.0747,194
1,-83.3871,39.0747,161
2,-83.3871,39.0747,109
3,-83.3871,39.0747,128
4,-83.3871,39.0747,199
5,-83.3871,39.0747,208
6,-83.3871,39.0747,189
7,-83.3871,39.0747,105
0,-83.2077,40.5321,138
1,-83.2077,40.5321,123
2,-83.2077,40.5321,118
3,-83.2077,40.5321,277
4,-83.2077,40.5321,286
5,-83.2077,40.5321,399
6,-83.2077,40.5321,416
7,-83.2077,40.5321,263
0,-82.5993,39.4187,40
1,-82.5993,39.4187,37
2,-82.5993,39.4187,35
3,-82.5993,39.4187,57
4,-82.5993,39.4187,51
5,-82.5993,39.4187,44
6,-82.5993,39.4187,93
7,-82.5993,39.4187,86
0,-84.146,40.6513,55
1,-84.146,40.6513,44
2,-84.146,40.6513,88
3,-84.146,40.6513,49
4,-84.146,40.6513,36
5,-84.146,40.6513,82
6,-84.146,40.6513,61
7,-84.146,40.6513,62
0,-81.9154,39.7373,44
1,-81.9154,39.7373,27
2,-81.9154,39.7373,8
3,-81.9154,39.7373,2
4,-81.9154,39.7373,2
5,-81.9154,39.7373,13
6,-81.9154,39.7373,7
7,-81.9154,39.7373,14
0,-83.3185,38.2529,188
1,-83.3185,38.2529,148
2,-83.3185,38.2529,129
3,-83.3185,38.2529,88
4,-83.3185,38.2529,164
5,-83.3185,38.2529,162
6,-83.3185,38.2529,80
7,-83.3185,38.2529,41
0,-85.6333,38.2907,1293
1,-85.6333,38.2907,1776
2,-85.6333,38.2907,1858
3,-85.6333,38.2907,1890
4,-85.6333,38.2907,1910
5,-85.6333,38.2907,1593
6,-85.6333,38.2907,1535
7,-85.6333,38.2907,2124
0,-83.2752,37.2245,331
1,-83.2752,37.2245,434
2,-83.2752,37.2245,353
3,-83.2752,37.2245,171
4,-83.2752,37.2245,155
5,-83.2752,37.2245,202
6,-83.2752,37.2245,304
7,-83.2752,37.2245,131
0,-86.6304,37.8312,13
1,-86.6304,37.8312,4
2,-86.6304,37.8312,9
3,-86.6304,37.8312,6
4,-86.6304,37.8312,12
5,-86.6304,37.8312,1
6,-86.6304,37.8312,4
7,-86.6304,37.8312,7
0,-88.4381,36.5892,4
1,-88.4381,36.5892,24
2,-88.4381,36.5892,18
3,-88.4381,36.5892,16
4,-88.4381,36.5892,14
5,-88.4381,36.5892,18
6,-88.4381,36.5892,36
7,-88.4381,36.5892,16
0,-86.7728,37.5589,43
1,-86.7728,37.5589,6
2,-86.7728,37.5589,43
3,-86.7728,37.5589,25
4,-86.7728,37.5589,11
5,-86.7728,37.5589,20
6,-86.7728,37.5589,42
7,-86.7728,37.5589,13
0,-82.7994,37.451,177
1,-82.7994,37.451,153
2,-82.7994,37.451,83
3,-82.7994,37.451,83
4,-82.7994,37.451,120
5,-82.7994,37.451,174
6,-82.7994,37.451,173
7,-82.7994,37.451,148
0,-83.6156,38.1193,52
1,-83.6156,38.1193,67
2,-83.6156,38.1193,54
3,-83.6156,38.1193,38
4,-83.6156,38.1193,35
5,-83.6156,38.1193,74
6,-83.6156,38.1193,18
7,-83.6156,38.1193,33
0,-85.4839,38.3355,51
1,-85.4839,38.3355,54
2,-85.4839,38.3355,35
3,-85.4839,38.3355,44
4,-85.4839,38.3355,38
5,-85.4839,38.3355,60
6,-85.4839,38.3355,34
7,-85.4839,38.3355,50
0,-87.8909,37.5584,0
1,-87.8909,37.5584,5
2,-87.8909,37.5584,4
3,-87.8909,37.5584,4
4,-87.8909,37.5584,7
5,-87.8909,37.5584,7
6,-87.8909,37.5584,8
7,-87.8909,37.5584,0
0,-84.4699,38.2204,78
1,-84.4699,38.2204,34
2,-84.4699,38.2204,135
3,-84.4699,38.2204,211
4,-84.4699,38.2204,127
5,-84.4699,38.2204,16
6,-84.4699,38.2204,106
7,-84.4699,38.2204,71
0,-84.1004,36.9321,313
1,-84.1004,36.9321,143
2,-84.1004,36.9321,325
3,-84.1004,36.9321,281
4,-84.1004,36.9321,153
5,-84.1004,36.9321,65
6,-84.1004,36.9321,48
7,-84.1004,36.9321,42
0,-87.6885,37.1737,72
1,-87.6885,37.1737,76
2,-87.6885,37.1737,70
3,-87.6885,37.1737,95
4,-87.6885,37.1737,59
5,-87.6885,37.1737,56
6,-87.6885,37.1737,30
7,-87.6885,37.1737,46
0,-84.5675,39.0338,499
1,-84.5675,39.0338,447
2,-84.5675,39.0338,506
3,-84.5675,39.0338,704
4,-84.5675,39.0338,695
5,-84.5675,39.0338,619
6,-84.5675,39.0338,607
7,-84.5675,39.0338,778
0,-84.6329,37.1745,324
1,-84.6329,37.1745,139
2,-84.6329,37.1745,165
3,-84.6329,37.1745,109
4,-84.6329,37.1745,109
5,-84.6329,37.1745,291
6,-84.6329,37.1745,191
7,-84.6329,37.1745,114
0,-84.3311,38.6708,36
1,-84.3311,38.6708,38
2,-84.3311,38.6708,49
3,-84.3311,38.6708,100
4,-84.3311,38.6708,50
5,-84.3311,38.6708,34
6,-84.3311,38.6708,12
7,-84.3311,38.6708,21
0,-87.2125,37.1231,42
1,-87.2125,37.1231,45
2,-87.2125,37.1231,39
3,-87.2125,37.1231,90
4,-87.2125,37.1231,68
5,-87.2125,37.1231,59
6,-87.2125,37.1231,48
7,-87.2125,37.1231,29
0,-85.6927,36.7012,30
1,-85.6927,36.7012,8
2,-85.6927,36.7012,1
3,-85.6927,36.7012,5
4,-85.6927,36.7012,0
5,-85.6927,36.7012,3
6,-85.6927,36.7012,2
7,-85.6927,36.7012,12
0,-84.6731,38.9472,144
1,-84.6731,38.9472,137
2,-84.6731,38.9472,232
3,-84.6731,38.9472,299
4,-84.6731,38.9472,215
5,-84.6731,38.9472,361
6,-84.6731,38.9472,269
7,-84.6731,38.9472,270
0,-82.0632,37.4807,191
1,-82.0632,37.4807,250
2,-82.0632,37.4807,201
3,-82.0632,37.4807,220
4,-82.0632,37.4807,187
5,-82.0632,37.4807,158
6,-82.0632,37.4807,124
7,-82.0632,37.4807,85
0,-85.9915,37.9366,7
1,-85.9915,37.9366,30
2,-85.9915,37.9366,60
3,-85.9915,37.9366,33
4,-85.9915,37.9366,26
5,-85.9915,37.9366,14
6,-85.9915,37.9366,13
7,-85.9915,37.9366,12
0,-83.4585,37.4215,104
1,-83.4585,37.4215,14
2,-83.4585,37.4215,69
3,-83.4585,37.4215,83
4,-83.4585,37.4215,17
5,-83.4585,37.4215,30
6,-83.4585,37.4215,23
7,-83.4585,37.4215,11
0,-85.0683,36.8051,23
1,-85.0683,36.8051,5
2,-85.0683,36.8051,8
3,-85.0683,36.8051,11
4,-85.0683,36.8051,29
5,-85.0683,36.8051,22
6,-85.0683,36.8051,21
7,-85.0683,36.8051,17
0,-83.0488,37.9734,33
1,-83.0488,37.9734,65
2,-83.0488,37.9734,13
3,-83.0488,37.9734,5
4,-83.0488,37.9734,6
5,-83.0488,37.9734,10
6,-83.0488,37.9734,16
7,-83.0488,37.9734,13
0,-85.9358,37.8193,58
1,-85.9358,37.8193,121
2,-85.9358,37.8193,107
3,-85.9358,37.8193,70
4,-85.9358,37.8193,103
5,-85.9358,37.8193,74
6,-85.9358,37.8193,67
7,-85.9358,37.8193,75
0,-83.4045,36.8155,284
1,-83.4045,36.8155,303
2,-83.4045,36.8155,473
3,-83.4045,36.8155,228
4,-83.4045,36.8155,265
5,-83.4045,36.8155,189
6,-83.4045,36.8155,166
7,-83.4045,36.8155,92
0,-88.5692,36.5603,14
1,-88.5692,36.5603,50
2,-88.5692,36.5603,39
3,-88.5692,36.5603,39
4,-88.5692,36.5603,51
5,-88.5692,36.5603,41
6,-88.5692,36.5603,35
7,-88.5692,36.5603,32
0,-83.9691,37.9059,104
1,-83.9691,37.9059,92
2,-83.9691,37.9059,70
3,-83.9691,37.9059,127
4,-83.9691,37.9059,132
5,-83.9691,37.9059,40
6,-83.9691,37.9059,60
7,-83.9691,37.9059,38
0,-85.2196,37.8996,21
1,-85.2196,37.8996,34
2,-85.2196,37.8996,68
3,-85.2196,37.8996,40
4,-85.2196,37.8996,67
5,-85.2196,37.8996,36
6,-85.2196,37.8996,55
7,-85.2196,37.8996,107
0,-82.6735,37.9459,66
1,-82.6735,37.9459,22
2,-82.6735,37.9459,22
3,-82.6735,37.9459,36
4,-82.6735,37.9459,16
5,-82.6735,37.9459,24
6,-82.6735,37.9459,30
7,-82.6735,37.9459,16
0,-87.7342,37.4662,14
1,-87.7342,37.4662,11
2,-87.7342,37.4662,6
3,-87.7342,37.4662,15
4,-87.7342,37.4662,13
5,-87.7342,37.4662,1
6,-87.7342,37.4662,5
7,-87.7342,37.4662,2
0,-83.3907,36.954,56
1,-83.3907,36.954,36
2,-83.3907,36.954,52
3,-83.3907,36.954,40
4,-83.3907,36.954,26
5,-83.3907,36.954,10
6,-83.3907,36.954,16
7,-83.3907,36.954,8
0,-85.6187,36.9841,7
1,-85.6187,36.9841,5
2,-85.6187,36.9841,3
3,-85.6187,36.9841,2
4,-85.6187,36.9841,4
5,-85.6187,36.9841,2
6,-85.6187,36.9841,1
7,-85.6187,36.9841,0
0,-83.6341,38.2126,49
1,-83.6341,38.2126,41
2,-83.6341,38.2126,60
3,-83.6341,38.2126,16
4,-83.6341,38.2126,8
5,-83.6341,38.2126,37
6,-83.6341,38.2126,20
7,-83.6341,38.2126,35
0,-87.2425,37.01,4
1,-87.2425,37.01,8
2,-87.2425,37.01,1
3,-87.2425,37.01,4
4,-87.2425,37.01,2
5,-87.2425,37.01,4
6,-87.2425,37.01,2
7,-87.2425,37.01,0
0,-82.7493,37.1638,162
1,-82.7493,37.1638,146
2,-82.7493,37.1638,53
3,-82.7493,37.1638,43
4,-82.7493,37.1638,43
5,-82.7493,37.1638,43
6,-82.7493,37.1638,42
7,-82.7493,37.1638,18
0,-88.8827,37.0846,1
1,-88.8827,37.0846,1
2,-88.8827,37.0846,1
3,-88.8827,37.0846,2
4,-88.8827,37.0846,0
5,-88.8827,37.0846,1
6,-88.8827,37.0846,1
7,-88.8827,37.0846,1
0,-84.2366,38.5426,61
1,-84.2366,38.5426,20
2,-84.2366,38.5426,56
3,-84.2366,38.5426,97
4,-84.2366,38.5426,103
5,-84.2366,38.5426,137
6,-84.2366,38.5426,114
7,-84.2366,38.5426,61
0,-85.3689,37.4256,53
1,-85.3689,37.4256,51
2,-85.3689,37.4256,35
3,-85.3689,37.4256,34
4,-85.3689,37.4256,40
5,-85.3689,37.4256,44
6,-85.3689,37.4256,56
7,-85.3689,37.4256,43
0,-84.1908,38.0014,159
1,-84.1908,38.0014,177
2,-84.1908,38.0014,83
3,-84.1908,38.0014,128
4,-84.1908,38.0014,156
5,-84.1908,38.0014,109
6,-84.1908,38.0014,119
7,-84.1908,38.0014,89
0,-83.5166,37.8301,18
1,-83.5166,37.8301,35
2,-83.5166,37.8301,27
3,-83.5166,37.8301,10
4,-83.5166,37.8301,5
5,-83.5166,37.8301,24
6,-83.5166,37.8301,2
7,-83.5166,37.8301,13
0,-85.7353,37.5668,9
1,-85.7353,37.5668,4
2,-85.7353,37.5668,2
3,-85.7353,37.5668,0
4,-85.7353,37.5668,2
5,-85.7353,37.5668,2
6,-85.7353,37.5668,7
7,-85.7353,37.5668,3
0,-86.4371,36.9725,61
1,-86.4371,36.9725,66
2,-86.4371,36.9725,66
3,-86.4371,36.9725,78
4,-86.4371,36.9725,35
5,-86.4371,36.9725,42
6,-86.4371,36.9725,55
7,-86.4371,36.9725,29
0,-84.4094,37.6167,27
1,-84.4094,37.6167,30
2,-84.4094,37.6167,25
3,-84.4094,37.6167,11
4,-84.4094,37.6167,20
5,-84.4094,37.6167,7
6,-84.4094,37.6167,22
7,-84.4094,37.6167,27
0,-83.8774,36.5942,263
1,-83.8774,36.5942,125
2,-83.8774,36.5942,164
3,-83.8774,36.5942,144
4,-83.8774,36.5942,476
5,-83.8774,36.5942,329
6,-83.8774,36.5942,213
7,-83.8774,36.5942,172
0,-83.7598,36.8353,218
1,-83.7598,36.8353,118
2,-83.7598,36.8353,161
3,-83.7598,36.8353,143
4,-83.7598,36.8353,140
5,-83.7598,36.8353,213
6,-83.7598,36.8353,97
7,-83.7598,36.8353,91
0,-87.4875,37.12,50
1,-87.4875,37.12,55
2,-87.4875,37.12,25
3,-87.4875,37.12,47
4,-87.4875,37.12,92
5,-87.4875,37.12,37
6,-87.4875,37.12,45
7,-87.4875,37.12,23
0,-85.0681,38.6098,55
1,-85.0681,38.6098,90
2,-85.0681,38.6098,122
3,-85.0681,38.6098,105
4,-85.0681,38.6098,100
5,-85.0681,38.6098,56
6,-85.0681,38.6098,38
7,-85.0681,38.6098,52
0,-84.0666,38.6818,10
1,-84.0666,38.6818,24
2,-84.0666,38.6818,38
3,-84.0666,38.6818,20
4,-84.0666,38.6818,24
5,-84.0666,38.6818,16
6,-84.0666,38.6818,24
7,-84.0666,38.6818,0
0,-84.5966,38.7326,39
1,-84.5966,38.7326,32
2,-84.5966,38.7326,62
3,-84.5966,38.7326,40
4,-84.5966,38.7326,97
5,-84.5966,38.7326,87
6,-84.5966,38.7326,98
7,-84.5966,38.7326,71
0,-83.9735,37.5751,52
1,-83.9735,37.5751,107
2,-83.9735,37.5751,60
3,-83.9735,37.5751,14
4,-83.9735,37.5751,43
5,-83.9735,37.5751,11
6,-83.9735,37.5751,34
7,-83.9735,37.5751,22
0,-84.9875,37.4551,57
1,-84.9875,37.4551,26
2,-84.9875,37.4551,28
3,-84.9875,37.4551,28
4,-84.9875,37.4551,36
5,-84.9875,37.4551,33
6,-84.9875,37.4551,21
7,-84.9875,37.4551,7
0,-87.3542,37.8512,8
1,-87.3542,37.8512,10
2,-87.3542,37.8512,6
3,-87.3542,37.8512,16
4,-87.3542,37.8512,13
5,-87.3542,37.8512,27
6,-87.3542,37.8512,50
7,-87.3542,37.8512,18
0,-84.4815,39.0401,230
1,-84.4815,39.0401,314
2,-84.4815,39.0401,451
3,-84.4815,39.0401,633
4,-84.4815,39.0401,654
5,-84.4815,39.0401,634
6,-84.4815,39.0401,592
7,-84.4815,39.0401,534
0,-82.7816,38.3354,307
1,-82.7816,38.3354,354
2,-82.7816,38.3354,244
3,-82.7816,38.3354,237
4,-82.7816,38.3354,240
5,-82.7816,38.3354,203
6,-82.7816,38.3354,123
7,-82.7816,38.3354,158
0,-88.8869,36.9081,6
1,-88.8869,36.9081,0
2,-88.8869,36.9081,2
3,-88.8869,36.9081,0
4,-88.8869,36.9081,1
5,-88.8869,36.9081,1
6,-88.8869,36.9081,0
7,-88.8869,36.9081,0
0,-85.3197,37.1803,7
1,-85.3197,37.1803,19
2,-85.3197,37.1803,25
3,-85.3197,37.1803,17
4,-85.3197,37.1803,45
5,-85.3197,37.1803,16
6,-85.3197,37.1803,20
7,-85.3197,37.1803,17
0,-85.7672,37.2903,2
1,-85.7672,37.2903,17
2,-85.7672,37.2903,14
3,-85.7672,37.2903,4
4,-85.7672,37.2903,11
5,-85.7672,37.2903,3
6,-85.7672,37.2903,12
7,-85.7672,37.2903,5
0,-85.2625,37.5156,30
1,-85.2625,37.5156,23
2,-85.2625,37.5156,26
3,-85.2625,37.5156,17
4,-85.2625,37.5156,32
5,-85.2625,37.5156,33
6,-85.2625,37.5156,48
7,-85.2625,37.5156,53
0,-87.709,36.9551,6
1,-87.709,36.9551,0
2,-87.709,36.9551,4
3,-87.709,36.9551,7
4,-87.709,36.9551,8
5,-87.709,36.9551,7
6,-87.709,36.9551,6
7,-87.709,36.9551,4
0,-88.4656,36.867,11
1,-88.4656,36.867,16
2,-88.4656,36.867,17
3,-88.4656,36.867,11
4,-88.4656,36.867,19
5,-88.4656,36.867,5
6,-88.4656,36.867,8
7,-88.4656,36.867,29
0,-88.0769,37.0759,15
1,-88.0769,37.0759,5
2,-88.0769,37.0759,11
3,-88.0769,37.0759,20
4,-88.0769,37.0759,24
5,-88.0769,37.0759,35
6,-88.0769,37.0759,32
7,-88.0769,37.0759,26
0,-85.0701,37.7355,16
1,-85.0701,37.7355,12
2,-85.0701,37.7355,1
3,-85.0701,37.7355,2
4,-85.0701,37.7355,1
5,-85.0701,37.7355,2
6,-85.0701,37.7355,4
7,-85.0701,37.7355,6
0,-84.9769,38.6134,15
1,-84.9769,38.6134,9
2,-84.9769,38.6134,16
3,-84.9769,38.6134,28
4,-84.9769,38.6134,24
5,-84.9769,38.6134,13
6,-84.9769,38.6134,21
7,-84.9769,38.6134,15
0,-82.9371,38.3318,239
1,-82.9371,38.3318,149
2,-82.9371,38.3318,185
3,-82.9371,38.3318,98
4,-82.9371,38.3318,146
5,-82.9371,38.3318,83
6,-82.9371,38.3318,87
7,-82.9371,38.3318,78
0,-84.5255,38.1059,547
1,-84.5255,38.1059,455
2,-84.5255,38.1059,573
3,-84.5255,38.1059,898
4,-84.5255,38.1059,575
5,-84.5255,38.1059,726
6,-84.5255,38.1059,609
7,-84.5255,38.1059,938
0,-83.4596,37.9554,15
1,-83.4596,37.9554,16
2,-83.4596,37.9554,9
3,-83.4596,37.9554,8
4,-83.4596,37.9554,1
5,-83.4596,37.9554,3
6,-83.4596,37.9554,0
7,-83.4596,37.9554,2
0,-84.1101,38.1425,48
1,-84.1101,38.1425,28
2,-84.1101,38.1425,50
3,-84.1101,38.1425,53
4,-84.1101,38.1425,27
5,-84.1101,38.1425,16
6,-84.1101,38.1425,25
7,-84.1101,38.1425,23
0,-85.3036,38.4623,10
1,-85.3036,38.4623,5
2,-85.3036,38.4623,13
3,-85.3036,38.4623,19
4,-85.3036,38.4623,25
5,-85.3036,38.4623,36
6,-85.3036,38.4623,25
7,-85.3036,38.4623,18
0,-84.2928,37.724000000000004,280
1,-84.2928,37.724000000000004,158
2,-84.2928,37.724000000000004,326
3,-84.2928,37.724000000000004,423
4,-84.2928,37.724000000000004,393
5,-84.2928,37.724000000000004,383
6,-84.2928,37.724000000000004,370
7,-84.2928,37.724000000000004,411
0,-89.102,36.7596,0
1,-89.102,36.7596,2
2,-89.102,36.7596,1
3,-89.102,36.7596,4
4,-89.102,36.7596,2
5,-89.102,36.7596,2
6,-89.102,36.7596,1
7,-89.102,36.7596,0
0,-86.9805,37.7892,38
1,-86.9805,37.7892,57
2,-86.9805,37.7892,42
3,-86.9805,37.7892,56
4,-86.9805,37.7892,69
5,-86.9805,37.7892,56
6,-86.9805,37.7892,50
7,-86.9805,37.7892,19
0,-82.8382,37.8806,143
1,-82.8382,37.8806,107
2,-82.8382,37.8806,67
3,-82.8382,37.8806,88
4,-82.8382,37.8806,74
5,-82.8382,37.8806,92
6,-82.8382,37.8806,20
7,-82.8382,37.8806,37
0,-83.1516,37.7015,43
1,-83.1516,37.7015,59
2,-83.1516,37.7015,30
3,-83.1516,37.7015,80
4,-83.1516,37.7015,15
5,-83.1516,37.7015,30
6,-83.1516,37.7015,6
7,-83.1516,37.7015,28
0,-83.9685,37.6969,39
1,-83.9685,37.6969,11
2,-83.9685,37.6969,45
3,-83.9685,37.6969,8
4,-83.9685,37.6969,63
5,-83.9685,37.6969,11
6,-83.9685,37.6969,53
7,-83.9685,37.6969,50
0,-84.7903,37.5855,60
1,-84.7903,37.5855,39
2,-84.7903,37.5855,43
3,-84.7903,37.5855,64
4,-84.7903,37.5855,77
5,-84.7903,37.5855,53
6,-84.7903,37.5855,116
7,-84.7903,37.5855,122
0,-86.7419,36.95,9
1,-86.7419,36.95,19
2,-86.7419,36.95,21
3,-86.7419,36.95,18
4,-86.7419,36.95,30
5,-86.7419,36.95,24
6,-86.7419,36.95,35
7,-86.7419,36.95,31
0,-84.8239,38.7252,8
1,-84.8239,38.7252,11
2,-84.8239,38.7252,27
3,-84.8239,38.7252,33
4,-84.8239,38.7252,33
5,-84.8239,38.7252,12
6,-84.8239,38.7252,4
7,-84.8239,38.7252,4
0,-83.2524,38.354,39
1,-83.2524,38.354,43
2,-83.2524,38.354,30
3,-83.2524,38.354,38
4,-83.2524,38.354,34
5,-83.2524,38.354,52
6,-83.2524,38.354,14
7,-83.2524,38.354,60
0,-84.6545,37.8787,204
1,-84.6545,37.8787,226
2,-84.6545,37.8787,156
3,-84.6545,37.8787,157
4,-84.6545,37.8787,261
5,-84.6545,37.8787,121
6,-84.6545,37.8787,138
7,-84.6545,37.8787,128
0,-88.0604,37.2085,11
1,-88.0604,37.2085,8
2,-88.0604,37.2085,39
3,-88.0604,37.2085,17
4,-88.0604,37.2085,19
5,-88.0604,37.2085,16
6,-88.0604,37.2085,12
7,-88.0604,37.2085,10
0,-83.8866,38.302,41
1,-83.8866,38.302,18
2,-83.8866,38.302,18
3,-83.8866,38.302,69
4,-83.8866,38.302,22
5,-83.8866,38.302,40
6,-83.8866,38.302,40
7,-83.8866,38.302,14
0,-84.4144,37.4027,106
1,-84.4144,37.4027,128
2,-84.4144,37.4027,69
3,-84.4144,37.4027,53
4,-84.4144,37.4027,139
5,-84.4144,37.4027,146
6,-84.4144,37.4027,63
7,-84.4144,37.4027,54
0,-84.9097,37.6965,23
1,-84.9097,37.6965,84
2,-84.9097,37.6965,28
3,-84.9097,37.6965,19
4,-84.9097,37.6965,63
5,-84.9097,37.6965,13
6,-84.9097,37.6965,48
7,-84.9097,37.6965,39
0,-84.7563,37.972,53
1,-84.7563,37.972,17
2,-84.7563,37.972,76
3,-84.7563,37.972,24
4,-84.7563,37.972,30
5,-84.7563,37.972,31
6,-84.7563,37.972,34
7,-84.7563,37.972,40
0,-87.1342,37.4919,8
1,-87.1342,37.4919,4
2,-87.1342,37.4919,0
3,-87.1342,37.4919,1
4,-87.1342,37.4919,2
5,-87.1342,37.4919,3
6,-87.1342,37.4919,2
7,-87.1342,37.4919,3
0,-85.9264,37.0048,62
1,-85.9264,37.0048,102
2,-85.9264,37.0048,74
3,-85.9264,37.0048,63
4,-85.9264,37.0048,50
5,-85.9264,37.0048,47
6,-85.9264,37.0048,37
7,-85.9264,37.0048,48
0,-86.7561,37.8962,0
1,-86.7561,37.8962,0
2,-86.7561,37.8962,0
3,-86.7561,37.8962,0
4,-86.7561,37.8962,1
5,-86.7561,37.8962,0
6,-86.7561,37.8962,3
7,-86.7561,37.8962,3
0,-88.1411,37.2198,12
1,-88.1411,37.2198,7
2,-88.1411,37.2198,9
3,-88.1411,37.2198,12
4,-88.1411,37.2198,11
5,-88.1411,37.2198,5
6,-88.1411,37.2198,9
7,-88.1411,37.2198,0
0,-84.8955,38.3228,108
1,-84.8955,38.3228,113
2,-84.8955,38.3228,106
3,-84.8955,38.3228,181
4,-84.8955,38.3228,134
5,-84.8955,38.3228,118
6,-84.8955,38.3228,168
7,-84.8955,38.3228,113
0,-84.4395,36.6648,62
1,-84.4395,36.6648,37
2,-84.4395,36.6648,55
3,-84.4395,36.6648,74
4,-84.4395,36.6648,83
5,-84.4395,36.6648,27
6,-84.4395,36.6648,23
7,-84.4395,36.6648,38
0,-82.6911,38.4949,82
1,-82.6911,38.4949,74
2,-82.6911,38.4949,121
3,-82.6911,38.4949,106
4,-82.6911,38.4949,65
5,-82.6911,38.4949,73
6,-82.6911,38.4949,72
7,-82.6911,38.4949,43
0,-88.9353,36.5767,24
1,-88.9353,36.5767,11
2,-88.9353,36.5767,16
3,-88.9353,36.5767,3
4,-88.9353,36.5767,11
5,-88.9353,36.5767,8
6,-88.9353,36.5767,7
7,-88.9353,36.5767,23
0,-84.161,37.0037,221
1,-84.161,37.0037,325
2,-84.161,37.0037,180
3,-84.161,37.0037,235
4,-84.161,37.0037,258
5,-84.161,37.0037,106
6,-84.161,37.0037,101
7,-84.161,37.0037,184
0,-84.7579,37.453,13
1,-84.7579,37.453,43
2,-84.7579,37.453,19
3,-84.7579,37.453,26
4,-84.7579,37.453,26
5,-84.7579,37.453,18
6,-84.7579,37.453,12
7,-84.7579,37.453,9
0,-83.7635,37.1464,84
1,-83.7635,37.1464,163
2,-83.7635,37.1464,93
3,-83.7635,37.1464,115
4,-83.7635,37.1464,78
5,-83.7635,37.1464,66
6,-83.7635,37.1464,62
7,-83.7635,37.1464,4
0,-85.1511,38.0562,3
1,-85.1511,38.0562,6
2,-85.1511,38.0562,11
3,-85.1511,38.0562,7
4,-85.1511,38.0562,9
5,-85.1511,38.0562,6
6,-85.1511,38.0562,13
7,-85.1511,38.0562,2
0,-88.3589,37.2456,5
1,-88.3589,37.2456,3
2,-88.3589,37.2456,6
3,-88.3589,37.2456,12
4,-88.3589,37.2456,8
5,-88.3589,37.2456,3
6,-88.3589,37.2456,8
7,-88.3589,37.2456,2
0,-84.8506,36.8404,73
1,-84.8506,36.8404,57
2,-84.8506,36.8404,43
3,-84.8506,36.8404,14
4,-84.8506,36.8404,47
5,-84.8506,36.8404,39
6,-84.8506,36.8404,66
7,-84.8506,36.8404,99
0,-85.7146,38.0645,126
1,-85.7146,38.0645,144
2,-85.7146,38.0645,121
3,-85.7146,38.0645,140
4,-85.7146,38.0645,94
5,-85.7146,38.0645,88
6,-85.7146,38.0645,63
7,-85.7146,38.0645,79
0,-83.8925,37.997,166
1,-83.8925,37.997,201
2,-83.8925,37.997,207
3,-83.8925,37.997,240
4,-83.8925,37.997,243
5,-83.8925,37.997,156
6,-83.8925,37.997,113
7,-83.8925,37.997,148
0,-88.61200000000001,36.9728,51
1,-88.61200000000001,36.9728,57
2,-88.61200000000001,36.9728,80
3,-88.61200000000001,36.9728,76
4,-88.61200000000001,36.9728,87
5,-88.61200000000001,36.9728,52
6,-88.61200000000001,36.9728,41
7,-88.61200000000001,36.9728,53
0,-85.0683,36.995,34
1,-85.0683,36.995,11
2,-85.0683,36.995,27
3,-85.0683,36.995,19
4,-85.0683,36.995,7
5,-85.0683,36.995,11
6,-85.0683,36.995,15
7,-85.0683,36.995,14
0,-86.7347,36.7509,13
1,-86.7347,36.7509,26
2,-86.7347,36.7509,34
3,-86.7347,36.7509,29
4,-86.7347,36.7509,19
5,-86.7347,36.7509,18
6,-86.7347,36.7509,19
7,-86.7347,36.7509,10
0,-85.0744,38.137,13
1,-85.0744,38.137,15
2,-85.0744,38.137,10
3,-85.0744,38.137,31
4,-85.0744,38.137,62
5,-85.0744,38.137,74
6,-85.0744,38.137,63
7,-85.0744,38.137,67
0,-86.8921,37.2093,5
1,-86.8921,37.2093,1
2,-86.8921,37.2093,12
3,-86.8921,37.2093,5
4,-86.8921,37.2093,8
5,-86.8921,37.2093,12
6,-86.8921,37.2093,19
7,-86.8921,37.2093,6
0,-83.9191,38.7054,160
1,-83.9191,38.7054,93
2,-83.9191,38.7054,93
3,-83.9191,38.7054,89
4,-83.9191,38.7054,78
5,-83.9191,38.7054,52
6,-83.9191,38.7054,60
7,-83.9191,38.7054,43
0,-86.226,37.4937,49
1,-86.226,37.4937,34
2,-86.226,37.4937,33
3,-86.226,37.4937,24
4,-86.226,37.4937,34
5,-86.226,37.4937,30
6,-86.226,37.4937,15
7,-86.226,37.4937,12
0,-83.0188,38.1879,86
1,-83.0188,38.1879,45
2,-83.0188,38.1879,11
3,-83.0188,38.1879,4
4,-83.0188,38.1879,34
5,-83.0188,38.1879,10
6,-83.0188,38.1879,7
7,-83.0188,38.1879,6
0,-84.935,38.089,34
1,-84.935,38.089,40
2,-84.935,38.089,21
3,-84.935,38.089,25
4,-84.935,38.089,24
5,-84.935,38.089,17
6,-84.935,38.089,22
7,-84.935,38.089,20
0,-86.2847,37.2895,10
1,-86.2847,37.2895,28
2,-86.2847,37.2895,14
3,-86.2847,37.2895,14
4,-86.2847,37.2895,4
5,-86.2847,37.2895,10
6,-86.2847,37.2895,11
7,-86.2847,37.2895,16
0,-86.2961,36.7956,30
1,-86.2961,36.7956,17
2,-86.2961,36.7956,91
3,-86.2961,36.7956,23
4,-86.2961,36.7956,30
5,-86.2961,36.7956,12
6,-86.2961,36.7956,24
7,-86.2961,36.7956,20
0,-85.3174,38.5955,7
1,-85.3174,38.5955,3
2,-85.3174,38.5955,10
3,-85.3174,38.5955,29
4,-85.3174,38.5955,20
5,-85.3174,38.5955,16
6,-85.3174,38.5955,5
7,-85.3174,38.5955,5
0,-83.0941,37.4957,165
1,-83.0941,37.4957,51
2,-83.0941,37.4957,80
3,-83.0941,37.4957,63
4,-83.0941,37.4957,26
5,-83.0941,37.4957,16
6,-83.0941,37.4957,103
7,-83.0941,37.4957,44
0,-84.0358,38.5317,6
1,-84.0358,38.5317,11
2,-84.0358,38.5317,8
3,-84.0358,38.5317,1
4,-84.0358,38.5317,2
5,-84.0358,38.5317,6
6,-84.0358,38.5317,1
7,-84.0358,38.5317,0
0,-82.4223,37.8416,64
1,-82.4223,37.8416,39
2,-82.4223,37.8416,27
3,-82.4223,37.8416,35
4,-82.4223,37.8416,11
5,-82.4223,37.8416,102
6,-82.4223,37.8416,29
7,-82.4223,37.8416,68
0,-83.6085,37.6023,31
1,-83.6085,37.6023,100
2,-83.6085,37.6023,65
3,-83.6085,37.6023,49
4,-83.6085,37.6023,22
5,-83.6085,37.6023,19
6,-83.6085,37.6023,13
7,-83.6085,37.6023,17
0,-83.6802,37.4743,10
1,-83.6802,37.4743,69
2,-83.6802,37.4743,11
3,-83.6802,37.4743,4
4,-83.6802,37.4743,3
5,-83.6802,37.4743,12
6,-83.6802,37.4743,1
7,-83.6802,37.4743,3
0,-85.5053,36.8319,7
1,-85.5053,36.8319,8
2,-85.5053,36.8319,1
3,-85.5053,36.8319,8
4,-85.5053,36.8319,14
5,-85.5053,36.8319,10
6,-85.5053,36.8319,31
7,-85.5053,36.8319,10
