year,loc_x,loc_y,estm_count
0,-80.4405,37.0675,17
1,-80.4405,37.0675,7
2,-80.4405,37.0675,9
3,-80.4405,37.0675,26
4,-80.4405,37.0675,14
5,-80.4405,37.0675,9
6,-80.4405,37.0675,23
7,-80.4405,37.0675,25
0,-77.9267,37.5427,16
1,-77.9267,37.5427,8
2,-77.9267,37.5427,4
3,-77.9267,37.5427,6
4,-77.9267,37.5427,9
5,-77.9267,37.5427,14
6,-77.9267,37.5427,42
7,-77.9267,37.5427,52
0,-79.5431,37.6301,6
1,-79.5431,37.6301,6
2,-79.5431,37.6301,6
3,-79.5431,37.6301,6
4,-79.5431,37.6301,6
5,-79.5431,37.6301,6
6,-79.5431,37.6301,6
7,-79.5431,37.6301,6
0,-77.4322,37.6274,136
1,-77.4322,37.6274,116
2,-77.4322,37.6274,127
3,-77.4322,37.6274,164
4,-77.4322,37.6274,231
5,-77.4322,37.6274,382
6,-77.4322,37.6274,513
7,-77.4322,37.6274,607
0,-77.4448,38.7717,9
1,-77.4448,38.7717,33
2,-77.4448,38.7717,3
3,-77.4448,38.7717,3
4,-77.4448,38.7717,4
5,-77.4448,38.7717,26
6,-77.4448,38.7717,4
7,-77.4448,38.7717,0
0,-82.3763,37.1026,3
1,-82.3763,37.1026,3
2,-82.3763,37.1026,3
3,-82.3763,37.1026,3
4,-82.3763,37.1026,3
5,-82.3763,37.1026,3
6,-82.3763,37.1026,3
7,-82.3763,37.1026,3
0,-76.3477,37.8832,5
1,-76.3477,37.8832,0
2,-76.3477,37.8832,-1
3,-76.3477,37.8832,0
4,-76.3477,37.8832,2
5,-76.3477,37.8832,3
6,-76.3477,37.8832,15
7,-76.3477,37.8832,0
0,-77.1579,38.8514,110
1,-77.1579,38.8514,193
2,-77.1579,38.8514,215
3,-77.1579,38.8514,246
4,-77.1579,38.8514,258
5,-77.1579,38.8514,299
6,-77.1579,38.8514,419
7,-77.1579,38.8514,304
0,-78.7284,36.839,9
1,-78.7284,36.839,4
2,-78.7284,36.839,-2
3,-78.7284,36.839,-1
4,-78.7284,36.839,1
5,-78.7284,36.839,1
6,-78.7284,36.839,11
7,-78.7284,36.839,19
0,-78.1638,37.7533,1
1,-78.1638,37.7533,4
2,-78.1638,37.7533,-1
3,-78.1638,37.7533,1
4,-78.1638,37.7533,2
5,-78.1638,37.7533,2
6,-78.1638,37.7533,10
7,-78.1638,37.7533,7
0,-79.0087,38.1939,4
1,-79.0087,38.1939,3
2,-79.0087,38.1939,0
3,-79.0087,38.1939,2
4,-79.0087,38.1939,9
5,-79.0087,38.1939,17
6,-79.0087,38.1939,15
7,-79.0087,38.1939,17
0,-77.4655,38.3319,44
1,-77.4655,38.3319,32
2,-77.4655,38.3319,36
3,-77.4655,38.3319,64
4,-77.4655,38.3319,63
5,-77.4655,38.3319,96
6,-77.4655,38.3319,130
7,-77.4655,38.3319,163
0,-77.4712,39.0302,36
1,-77.4712,39.0302,175
2,-77.4712,39.0302,71
3,-77.4712,39.0302,18
4,-77.4712,39.0302,27
5,-77.4712,39.0302,61
6,-77.4712,39.0302,130
7,-77.4712,39.0302,138
0,-82.7774,36.8615,1
1,-82.7774,36.8615,1
2,-82.7774,36.8615,1
3,-82.7774,36.8615,1
4,-82.7774,36.8615,1
5,-82.7774,36.8615,1
6,-82.7774,36.8615,1
7,-82.7774,36.8615,1
0,-76.2883,37.4984,6
1,-76.2883,37.4984,3
2,-76.2883,37.4984,3
3,-76.2883,37.4984,5
4,-76.2883,37.4984,9
5,-76.2883,37.4984,16
6,-76.2883,37.4984,2
7,-76.2883,37.4984,1
0,-81.8015,37.2473,0
1,-81.8015,37.2473,0
2,-81.8015,37.2473,0
3,-81.8015,37.2473,0
4,-81.8015,37.2473,0
5,-81.8015,37.2473,0
6,-81.8015,37.2473,0
7,-81.8015,37.2473,0
0,-78.9012,38.0673,0
1,-78.9012,38.0673,0
2,-78.9012,38.0673,0
3,-78.9012,38.0673,0
4,-78.9012,38.0673,0
5,-78.9012,38.0673,0
6,-78.9012,38.0673,0
7,-78.9012,38.0673,0
0,-78.5222,38.041,6
1,-78.5222,38.041,4
2,-78.5222,38.041,0
3,-78.5222,38.041,1
4,-78.5222,38.041,8
5,-78.5222,38.041,13
6,-78.5222,38.041,23
7,-78.5222,38.041,24
0,-81.6257,36.6015,0
1,-81.6257,36.6015,0
2,-81.6257,36.6015,0
3,-81.6257,36.6015,0
4,-81.6257,36.6015,0
5,-81.6257,36.6015,0
6,-81.6257,36.6015,0
7,-81.6257,36.6015,0
0,-78.8828,37.913000000000004,10
1,-78.8828,37.913000000000004,5
2,-78.8828,37.913000000000004,12
3,-78.8828,37.913000000000004,12
4,-78.8828,37.913000000000004,2
5,-78.8828,37.913000000000004,3
6,-78.8828,37.913000000000004,5
7,-78.8828,37.913000000000004,28
0,-79.444,37.7825,0
1,-79.444,37.7825,0
2,-79.444,37.7825,0
3,-79.444,37.7825,0
4,-79.444,37.7825,0
5,-79.444,37.7825,0
6,-79.444,37.7825,0
7,-79.444,37.7825,0
0,-82.2961,36.9791,1
1,-82.2961,36.9791,1
2,-82.2961,36.9791,1
3,-82.2961,36.9791,1
4,-82.2961,36.9791,1
5,-82.2961,36.9791,1
6,-82.2961,36.9791,1
7,-82.2961,36.9791,1
0,-76.8978,36.9052,90
1,-76.8978,36.9052,33
2,-76.8978,36.9052,8
3,-76.8978,36.9052,46
4,-76.8978,36.9052,35
5,-76.8978,36.9052,11
6,-76.8978,36.9052,48
7,-76.8978,36.9052,68
0,-76.8229,38.0941,4
1,-76.8229,38.0941,4
2,-76.8229,38.0941,3
3,-76.8229,38.0941,2
4,-76.8229,38.0941,8
5,-76.8229,38.0941,16
6,-76.8229,38.0941,20
7,-76.8229,38.0941,25
0,-80.3578,36.7168,1
1,-80.3578,36.7168,0
2,-80.3578,36.7168,0
3,-80.3578,36.7168,0
4,-80.3578,36.7168,2
5,-80.3578,36.7168,0
6,-80.3578,36.7168,1
7,-80.3578,36.7168,9
0,-79.9917,36.8293,12
1,-79.9917,36.8293,14
2,-79.9917,36.8293,11
3,-79.9917,36.8293,28
4,-79.9917,36.8293,25
5,-79.9917,36.8293,23
6,-79.9917,36.8293,13
7,-79.9917,36.8293,23
0,-83.1152,36.6871,0
1,-83.1152,36.6871,0
2,-83.1152,36.6871,0
3,-83.1152,36.6871,0
4,-83.1152,36.6871,0
5,-83.1152,36.6871,0
6,-83.1152,36.6871,0
7,-83.1152,36.6871,0
0,-79.2895,37.2338,7
1,-79.2895,37.2338,2
2,-79.2895,37.2338,2
3,-79.2895,37.2338,3
4,-79.2895,37.2338,13
5,-79.2895,37.2338,16
6,-79.2895,37.2338,25
7,-79.2895,37.2338,12
0,-82.7962,36.7196,0
1,-82.7962,36.7196,0
2,-82.7962,36.7196,0
3,-82.7962,36.7196,0
4,-82.7962,36.7196,0
5,-82.7962,36.7196,0
6,-82.7962,36.7196,0
7,-82.7962,36.7196,0
0,-77.7219,36.9853,0
1,-77.7219,36.9853,0
2,-77.7219,36.9853,0
3,-77.7219,36.9853,1
4,-77.7219,36.9853,1
5,-77.7219,36.9853,2
6,-77.7219,36.9853,3
7,-77.7219,36.9853,7
0,-80.6997,36.6771,4
1,-80.6997,36.6771,0
2,-80.6997,36.6771,0
3,-80.6997,36.6771,0
4,-80.6997,36.6771,1
5,-80.6997,36.6771,2
6,-80.6997,36.6771,14
7,-80.6997,36.6771,7
0,-75.7182,37.6917,10
1,-75.7182,37.6917,4
2,-75.7182,37.6917,3
3,-75.7182,37.6917,3
4,-75.7182,37.6917,18
5,-75.7182,37.6917,4
6,-75.7182,37.6917,21
7,-75.7182,37.6917,19
0,-75.8283,37.5295,0
1,-75.8283,37.5295,0
2,-75.8283,37.5295,0
3,-75.8283,37.5295,1
4,-75.8283,37.5295,5
5,-75.8283,37.5295,2
6,-75.8283,37.5295,0
7,-75.8283,37.5295,1
0,-78.1283,36.9608,0
1,-78.1283,36.9608,0
2,-78.1283,36.9608,0
3,-78.1283,36.9608,0
4,-78.1283,36.9608,0
5,-78.1283,36.9608,0
6,-78.1283,36.9608,0
7,-78.1283,36.9608,0
0,-76.538,37.7301,2
1,-76.538,37.7301,0
2,-76.538,37.7301,0
3,-76.538,37.7301,5
4,-76.538,37.7301,1
5,-76.538,37.7301,1
6,-76.538,37.7301,0
7,-76.538,37.7301,3
0,-78.6333,37.494,17
1,-78.6333,37.494,24
2,-78.6333,37.494,10
3,-78.6333,37.494,5
4,-78.6333,37.494,6
5,-78.6333,37.494,13
6,-78.6333,37.494,19
7,-78.6333,37.494,57
0,-79.7872,36.6871,3
1,-79.7872,36.6871,2
2,-79.7872,36.6871,5
3,-79.7872,36.6871,2
4,-79.7872,36.6871,7
5,-79.7872,36.6871,5
6,-79.7872,36.6871,3
7,-79.7872,36.6871,22
0,-77.8267,38.416,34
1,-77.8267,38.416,27
2,-77.8267,38.416,29
3,-77.8267,38.416,36
4,-77.8267,38.416,57
5,-77.8267,38.416,63
6,-77.8267,38.416,122
7,-77.8267,38.416,115
0,-78.1745,39.1734,45
1,-78.1745,39.1734,34
2,-78.1745,39.1734,9
3,-78.1745,39.1734,16
4,-78.1745,39.1734,19
5,-78.1745,39.1734,-9
6,-78.1745,39.1734,30
7,-78.1745,39.1734,13
0,-78.1125,38.2484,21
1,-78.1125,38.2484,9
2,-78.1125,38.2484,8
3,-78.1125,38.2484,10
4,-78.1125,38.2484,12
5,-78.1125,38.2484,27
6,-78.1125,38.2484,45
7,-78.1125,38.2484,69
0,-77.6492,37.506,88
1,-77.6492,37.506,86
2,-77.6492,37.506,99
3,-77.6492,37.506,129
4,-77.6492,37.506,191
5,-77.6492,37.506,266
6,-77.6492,37.506,430
7,-77.6492,37.506,410
0,-77.6661,38.6355,62
1,-77.6661,38.6355,28
2,-77.6661,38.6355,34
3,-77.6661,38.6355,53
4,-77.6661,38.6355,48
5,-77.6661,38.6355,133
6,-77.6661,38.6355,120
7,-77.6661,38.6355,136
0,-78.9061,38.6601,26
1,-78.9061,38.6601,26
2,-78.9061,38.6601,26
3,-78.9061,38.6601,26
4,-78.9061,38.6601,26
5,-78.9061,38.6601,26
6,-78.9061,38.6601,26
7,-78.9061,38.6601,26
0,-77.9882,37.3366,2
1,-77.9882,37.3366,0
2,-77.9882,37.3366,1
3,-77.9882,37.3366,0
4,-77.9882,37.3366,0
5,-77.9882,37.3366,0
6,-77.9882,37.3366,0
7,-77.9882,37.3366,3
0,-78.3908,36.666,11
1,-78.3908,36.666,4
2,-78.3908,36.666,4
3,-78.3908,36.666,4
4,-78.3908,36.666,5
5,-78.3908,36.666,9
6,-78.3908,36.666,19
7,-78.3908,36.666,25
0,-81.6382,36.666,0
1,-81.6382,36.666,0
2,-81.6382,36.666,0
3,-81.6382,36.666,0
4,-81.6382,36.666,0
5,-81.6382,36.666,0
6,-81.6382,36.666,0
7,-81.6382,36.666,0
0,-81.192,36.8862,5
1,-81.192,36.8862,2
2,-81.192,36.8862,2
3,-81.192,36.8862,1
4,-81.192,36.8862,8
5,-81.192,36.8862,12
6,-81.192,36.8862,16
7,-81.192,36.8862,17
0,-77.9061,38.0068,5
1,-77.9061,38.0068,5
2,-77.9061,38.0068,5
3,-77.9061,38.0068,8
4,-77.9061,38.0068,14
5,-77.9061,38.0068,22
6,-77.9061,38.0068,18
7,-77.9061,38.0068,22
0,-78.3681,39.0551,13
1,-78.3681,39.0551,10
2,-78.3681,39.0551,18
3,-78.3681,39.0551,35
4,-78.3681,39.0551,36
5,-78.3681,39.0551,46
6,-78.3681,39.0551,75
7,-78.3681,39.0551,69
0,-81.5927,36.7929,3
1,-81.5927,36.7929,2
2,-81.5927,36.7929,4
3,-81.5927,36.7929,1
4,-81.5927,36.7929,0
5,-81.5927,36.7929,0
6,-81.5927,36.7929,0
7,-81.5927,36.7929,11
0,-76.6625,37.9501,270
1,-76.6625,37.9501,286
2,-76.6625,37.9501,105
3,-76.6625,37.9501,156
4,-76.6625,37.9501,37
5,-76.6625,37.9501,40
6,-76.6625,37.9501,-32
7,-76.6625,37.9501,58
0,-77.4689,36.816,0
1,-77.4689,36.816,4
2,-77.4689,36.816,3
3,-77.4689,36.816,3
4,-77.4689,36.816,4
5,-77.4689,36.816,12
6,-77.4689,36.816,9
7,-77.4689,36.816,5
0,-77.0687,37.344,0
1,-77.0687,37.344,0
2,-77.0687,37.344,0
3,-77.0687,37.344,0
4,-77.0687,37.344,0
5,-77.0687,37.344,0
6,-77.0687,37.344,0
7,-77.0687,37.344,0
0,-80.5583,37.1229,0
1,-80.5583,37.1229,0
2,-80.5583,37.1229,0
3,-80.5583,37.1229,0
4,-80.5583,37.1229,0
5,-80.5583,37.1229,0
6,-80.5583,37.1229,0
7,-80.5583,37.1229,0
0,-78.0883,37.6674,2
1,-78.0883,37.6674,2
2,-78.0883,37.6674,1
3,-78.0883,37.6674,1
4,-78.0883,37.6674,1
5,-78.0883,37.6674,1
6,-78.0883,37.6674,2
7,-78.0883,37.6674,6
0,-78.1033,38.9231,82
1,-78.1033,38.9231,41
2,-78.1033,38.9231,38
3,-78.1033,38.9231,75
4,-78.1033,38.9231,97
5,-78.1033,38.9231,147
6,-78.1033,38.9231,234
7,-78.1033,38.9231,155
0,-77.8937,36.8553,5
1,-77.8937,36.8553,1
2,-77.8937,36.8553,1
3,-77.8937,36.8553,3
4,-77.8937,36.8553,5
5,-77.8937,36.8553,4
6,-77.8937,36.8553,13
7,-77.8937,36.8553,0
0,-78.4545,38.6653,2
1,-78.4545,38.6653,1
2,-78.4545,38.6653,1
3,-78.4545,38.6653,3
4,-78.4545,38.6653,7
5,-78.4545,38.6653,3
6,-78.4545,38.6653,2
7,-78.4545,38.6653,10
0,-78.601,36.9933,1
1,-78.601,36.9933,1
2,-78.601,36.9933,0
3,-78.601,36.9933,1
4,-78.601,36.9933,1
5,-78.601,36.9933,6
6,-78.601,36.9933,6
7,-78.601,36.9933,6
0,-79.6403,38.3237,0
1,-79.6403,38.3237,0
2,-79.6403,38.3237,0
3,-79.6403,38.3237,0
4,-79.6403,38.3237,0
5,-79.6403,38.3237,0
6,-79.6403,38.3237,0
7,-79.6403,38.3237,0
0,-80.8576,37.373000000000005,9
1,-80.8576,37.373000000000005,2
2,-80.8576,37.373000000000005,1
3,-80.8576,37.373000000000005,10
4,-80.8576,37.373000000000005,12
5,-80.8576,37.373000000000005,2
6,-80.8576,37.373000000000005,1
7,-80.8576,37.373000000000005,8
0,-77.0436,37.4418,19
1,-77.0436,37.4418,3
2,-77.0436,37.4418,2
3,-77.0436,37.4418,21
4,-77.0436,37.4418,3
5,-77.0436,37.4418,16
6,-77.0436,37.4418,11
7,-77.0436,37.4418,3
0,-80.7255,36.9342,-1
1,-80.7255,36.9342,14
2,-80.7255,36.9342,8
3,-80.7255,36.9342,8
4,-80.7255,36.9342,1
5,-80.7255,36.9342,8
6,-80.7255,36.9342,8
7,-80.7255,36.9342,16
0,-77.3473,38.0533,7
1,-77.3473,38.0533,9
2,-77.3473,38.0533,12
3,-77.3473,38.0533,8
4,-77.3473,38.0533,15
5,-77.3473,38.0533,19
6,-77.3473,38.0533,24
7,-77.3473,38.0533,31
0,-76.0435,36.7335,84
1,-76.0435,36.7335,13
2,-76.0435,36.7335,7
3,-76.0435,36.7335,123
4,-76.0435,36.7335,23
5,-76.0435,36.7335,-7
6,-76.0435,36.7335,22
7,-76.0435,36.7335,23
0,-79.7253,37.3866,3
1,-79.7253,37.3866,15
2,-79.7253,37.3866,21
3,-79.7253,37.3866,21
4,-79.7253,37.3866,7
5,-79.7253,37.3866,20
6,-79.7253,37.3866,7
7,-79.7253,37.3866,36
0,-79.4196,36.6716,2
1,-79.4196,36.6716,4
2,-79.4196,36.6716,9
3,-79.4196,36.6716,2
4,-79.4196,36.6716,4
5,-79.4196,36.6716,2
6,-79.4196,36.6716,1
7,-79.4196,36.6716,5
0,-77.2604,38.6823,74
1,-77.2604,38.6823,92
2,-77.2604,38.6823,108
3,-77.2604,38.6823,182
4,-77.2604,38.6823,210
5,-77.2604,38.6823,260
6,-77.2604,38.6823,259
7,-77.2604,38.6823,288
0,-79.8779,37.4167,39
1,-79.8779,37.4167,13
2,-79.8779,37.4167,6
3,-79.8779,37.4167,7
4,-79.8779,37.4167,6
5,-79.8779,37.4167,14
6,-79.8779,37.4167,30
7,-79.8779,37.4167,32
0,-76.8308,36.866,0
1,-76.8308,36.866,0
2,-76.8308,36.866,43
3,-76.8308,36.866,25
4,-76.8308,36.866,6
5,-76.8308,36.866,9
6,-76.8308,36.866,35
7,-76.8308,36.866,35
0,-77.7022,37.6015,1
1,-77.7022,37.6015,0
2,-77.7022,37.6015,0
3,-77.7022,37.6015,0
4,-77.7022,37.6015,6
5,-77.7022,37.6015,5
6,-77.7022,37.6015,3
7,-77.7022,37.6015,13
0,-78.3319,39.264,117
1,-78.3319,39.264,37
2,-78.3319,39.264,30
3,-78.3319,39.264,49
4,-78.3319,39.264,67
5,-78.3319,39.264,114
6,-78.3319,39.264,160
7,-78.3319,39.264,136
0,-81.1501,37.1521,0
1,-81.1501,37.1521,0
2,-81.1501,37.1521,0
3,-81.1501,37.1521,0
4,-81.1501,37.1521,0
5,-81.1501,37.1521,0
6,-81.1501,37.1521,0
7,-81.1501,37.1521,0
0,-77.3706,37.7668,31
1,-77.3706,37.7668,38
2,-77.3706,37.7668,49
3,-77.3706,37.7668,62
4,-77.3706,37.7668,97
5,-77.3706,37.7668,68
6,-77.3706,37.7668,88
7,-77.3706,37.7668,148
0,-76.3024,36.6778,31
1,-76.3024,36.6778,10
2,-76.3024,36.6778,104
3,-76.3024,36.6778,419
4,-76.3024,36.6778,46
5,-76.3024,36.6778,14
6,-76.3024,36.6778,88
7,-76.3024,36.6778,-114
0,-76.8665,37.9185,0
1,-76.8665,37.9185,0
2,-76.8665,37.9185,0
3,-76.8665,37.9185,0
4,-76.8665,37.9185,0
5,-76.8665,37.9185,0
6,-76.8665,37.9185,0
7,-76.8665,37.9185,0
0,-77.2875,36.8457,0
1,-77.2875,36.8457,5
2,-77.2875,36.8457,6
3,-77.2875,36.8457,6
4,-77.2875,36.8457,1
5,-77.2875,36.8457,3
6,-77.2875,36.8457,10
7,-77.2875,36.8457,4
0,-78.3261,38.4879,3
1,-78.3261,38.4879,1
2,-78.3261,38.4879,0
3,-78.3261,38.4879,20
4,-78.3261,38.4879,3
5,-78.3261,38.4879,3
6,-78.3261,38.4879,11
7,-78.3261,38.4879,2
0,-76.5747,37.6395,3
1,-76.5747,37.6395,1
2,-76.5747,37.6395,1
3,-76.5747,37.6395,1
4,-76.5747,37.6395,0
5,-76.5747,37.6395,1
6,-76.5747,37.6395,4
7,-76.5747,37.6395,8
0,-79.5709,38.1948,0
1,-79.5709,38.1948,0
2,-79.5709,38.1948,0
3,-79.5709,38.1948,0
4,-79.5709,38.1948,0
5,-79.5709,38.1948,0
6,-79.5709,38.1948,0
7,-79.5709,38.1948,0
0,-77.1011,38.8786,62
1,-77.1011,38.8786,27
2,-77.1011,38.8786,21
3,-77.1011,38.8786,35
4,-77.1011,38.8786,34
5,-77.1011,38.8786,61
6,-77.1011,38.8786,127
7,-77.1011,38.8786,127
0,-78.0029,37.0821,0
1,-78.0029,37.0821,1
2,-78.0029,37.0821,1
3,-78.0029,37.0821,2
4,-78.0029,37.0821,2
5,-78.0029,37.0821,3
6,-78.0029,37.0821,1
7,-78.0029,37.0821,6
0,-78.4417,38.2504,3
1,-78.4417,38.2504,3
2,-78.4417,38.2504,2
3,-78.4417,38.2504,3
4,-78.4417,38.2504,2
5,-78.4417,38.2504,8
6,-78.4417,38.2504,14
7,-78.4417,38.2504,7
0,-79.9868,37.7786,0
1,-79.9868,37.7786,0
2,-79.9868,37.7786,0
3,-79.9868,37.7786,0
4,-79.9868,37.7786,0
5,-79.9868,37.7786,0
6,-79.9868,37.7786,0
7,-79.9868,37.7786,0
0,-81.6387,37.1909,5
1,-81.6387,37.1909,3
2,-81.6387,37.1909,3
3,-81.6387,37.1909,4
4,-81.6387,37.1909,5
5,-81.6387,37.1909,7
6,-81.6387,37.1909,19
7,-81.6387,37.1909,19
0,-78.4856,38.0374,7
1,-78.4856,38.0374,4
2,-78.4856,38.0374,1
3,-78.4856,38.0374,6
4,-78.4856,38.0374,-2
5,-78.4856,38.0374,12
6,-78.4856,38.0374,2
7,-78.4856,38.0374,3
0,-80.1395,37.4293,5
1,-80.1395,37.4293,1
2,-80.1395,37.4293,0
3,-80.1395,37.4293,2
4,-80.1395,37.4293,0
5,-80.1395,37.4293,0
6,-80.1395,37.4293,0
7,-80.1395,37.4293,4
0,-79.9795,37.8865,8
1,-79.9795,37.8865,8
2,-79.9795,37.8865,8
3,-79.9795,37.8865,8
4,-79.9795,37.8865,8
5,-79.9795,37.8865,8
6,-79.9795,37.8865,8
7,-79.9795,37.8865,8
0,-76.4402,37.2801,23
1,-76.4402,37.2801,6
2,-76.4402,37.2801,4
3,-76.4402,37.2801,9
4,-76.4402,37.2801,9
5,-76.4402,37.2801,13
6,-76.4402,37.2801,21
7,-76.4402,37.2801,21
0,-76.259,36.8945,136
1,-76.259,36.8945,25
2,-76.259,36.8945,18
3,-76.259,36.8945,180
4,-76.259,36.8945,6
5,-76.259,36.8945,18
6,-76.259,36.8945,42
7,-76.259,36.8945,53
0,-76.6847,36.5882,83
1,-76.6847,36.5882,-2
2,-76.6847,36.5882,0
3,-76.6847,36.5882,25
4,-76.6847,36.5882,8
5,-76.6847,36.5882,-6
6,-76.6847,36.5882,36
7,-76.6847,36.5882,10
0,-77.9823,39.1508,10
1,-77.9823,39.1508,4
2,-77.9823,39.1508,2
3,-77.9823,39.1508,4
4,-77.9823,39.1508,7
5,-77.9823,39.1508,17
6,-77.9823,39.1508,15
7,-77.9823,39.1508,8
0,-77.3914,37.2042,28
1,-77.3914,37.2042,4
2,-77.3914,37.2042,0
3,-77.3914,37.2042,13
4,-77.3914,37.2042,12
5,-77.3914,37.2042,20
6,-77.3914,37.2042,-4
7,-77.3914,37.2042,4
0,-76.9665,37.2273,0
1,-76.9665,37.2273,0
2,-76.9665,37.2273,0
3,-76.9665,37.2273,0
4,-76.9665,37.2273,0
5,-76.9665,37.2273,0
6,-76.9665,37.2273,0
7,-76.9665,37.2273,0
0,-77.1878,38.8648,0
1,-77.1878,38.8648,0
2,-77.1878,38.8648,0
3,-77.1878,38.8648,0
4,-77.1878,38.8648,0
5,-77.1878,38.8648,0
6,-77.1878,38.8648,0
7,-77.1878,38.8648,0
0,-78.2322,38.6562,0
1,-78.2322,38.6562,1
2,-78.2322,38.6562,1
3,-78.2322,38.6562,0
4,-78.2322,38.6562,2
5,-78.2322,38.6562,0
6,-78.2322,38.6562,1
7,-78.2322,38.6562,5
0,-80.9176,36.666,0
1,-80.9176,36.666,0
2,-80.9176,36.666,0
3,-80.9176,36.666,0
4,-80.9176,36.666,0
5,-80.9176,36.666,0
6,-80.9176,36.666,0
7,-80.9176,36.666,0
0,-79.8636,36.6827,0
1,-79.8636,36.6827,0
2,-79.8636,36.6827,0
3,-79.8636,36.6827,0
4,-79.8636,36.6827,0
5,-79.8636,36.6827,0
6,-79.8636,36.6827,0
7,-79.8636,36.6827,0
0,-76.8041,37.3799,14
1,-76.8041,37.3799,9
2,-76.8041,37.3799,6
3,-76.8041,37.3799,4
4,-76.8041,37.3799,5
5,-76.8041,37.3799,6
6,-76.8041,37.3799,9
7,-76.8041,37.3799,20
0,-79.4088,36.5831,1
1,-79.4088,36.5831,2
2,-79.4088,36.5831,0
3,-79.4088,36.5831,0
4,-79.4088,36.5831,0
5,-79.4088,36.5831,0
6,-79.4088,36.5831,2
7,-79.4088,36.5831,1
0,-79.1058,37.4487,13
1,-79.1058,37.4487,4
2,-79.1058,37.4487,2
3,-79.1058,37.4487,4
4,-79.1058,37.4487,2
5,-79.1058,37.4487,3
6,-79.1058,37.4487,3
7,-79.1058,37.4487,10
0,-78.8735,38.4362,2
1,-78.8735,38.4362,3
2,-78.8735,38.4362,7
3,-78.8735,38.4362,4
4,-78.8735,38.4362,6
5,-78.8735,38.4362,1
6,-78.8735,38.4362,-3
7,-78.8735,38.4362,0
0,-77.4871,38.2992,6
1,-77.4871,38.2992,-1
2,-77.4871,38.2992,1
3,-77.4871,38.2992,8
4,-77.4871,38.2992,17
5,-77.4871,38.2992,24
6,-77.4871,38.2992,2
7,-77.4871,38.2992,3
0,-79.8886,37.2747,240
1,-79.8886,37.2747,41
2,-79.8886,37.2747,30
3,-79.8886,37.2747,168
4,-79.8886,37.2747,27
5,-79.8886,37.2747,62
6,-79.8886,37.2747,90
7,-79.8886,37.2747,146
0,-78.682,37.2642,1
1,-78.682,37.2642,1
2,-78.682,37.2642,2
3,-78.682,37.2642,0
4,-78.682,37.2642,2
5,-78.682,37.2642,2
6,-78.682,37.2642,3
7,-78.682,37.2642,5
0,-76.354,36.8468,310
1,-76.354,36.8468,25
2,-76.354,36.8468,18
3,-76.354,36.8468,142
4,-76.354,36.8468,36
5,-76.354,36.8468,2
6,-76.354,36.8468,22
7,-76.354,36.8468,12
0,-76.5185,37.1052,163
1,-76.5185,37.1052,13
2,-76.5185,37.1052,11
3,-76.5185,37.1052,81
4,-76.5185,37.1052,14
5,-76.5185,37.1052,11
6,-76.5185,37.1052,16
7,-76.5185,37.1052,11
0,-77.5885,38.1982,57
1,-77.5885,38.1982,43
2,-77.5885,38.1982,83
3,-77.5885,38.1982,117
4,-77.5885,38.1982,101
5,-77.5885,38.1982,157
6,-77.5885,38.1982,196
7,-77.5885,38.1982,191
0,-80.0554,37.2864,17
1,-80.0554,37.2864,1
2,-80.0554,37.2864,2
3,-80.0554,37.2864,11
4,-80.0554,37.2864,4
5,-80.0554,37.2864,4
6,-80.0554,37.2864,-4
7,-80.0554,37.2864,11
0,-79.0608,38.1593,0
1,-79.0608,38.1593,0
2,-79.0608,38.1593,0
3,-79.0608,38.1593,0
4,-79.0608,38.1593,0
5,-79.0608,38.1593,0
6,-79.0608,38.1593,0
7,-79.0608,38.1593,0
0,-82.1607,36.618,0
1,-82.1607,36.618,0
2,-82.1607,36.618,0
3,-82.1607,36.618,0
4,-82.1607,36.618,0
5,-82.1607,36.618,0
6,-82.1607,36.618,0
7,-82.1607,36.618,0
0,-76.7075,37.2691,0
1,-76.7075,37.2691,0
2,-76.7075,37.2691,0
3,-76.7075,37.2691,0
4,-76.7075,37.2691,0
5,-76.7075,37.2691,0
6,-76.7075,37.2691,0
7,-76.7075,37.2691,0
0,-80.2045,37.0379,0
1,-80.2045,37.0379,0
2,-80.2045,37.0379,0
3,-80.2045,37.0379,1
4,-80.2045,37.0379,0
5,-80.2045,37.0379,0
6,-80.2045,37.0379,3
7,-80.2045,37.0379,5
0,-77.0861,38.8184,3
1,-77.0861,38.8184,17
2,-77.0861,38.8184,9
3,-77.0861,38.8184,3
4,-77.0861,38.8184,2
5,-77.0861,38.8184,3
6,-77.0861,38.8184,6
7,-77.0861,38.8184,10
0,-82.626,36.9317,0
1,-82.626,36.9317,0
2,-82.626,36.9317,0
3,-82.626,36.9317,0
4,-82.626,36.9317,0
5,-82.626,36.9317,0
6,-82.626,36.9317,0
7,-82.626,36.9317,0
0,-79.1911,37.4004,24
1,-79.1911,37.4004,12
2,-79.1911,37.4004,7
3,-79.1911,37.4004,41
4,-79.1911,37.4004,2
5,-79.1911,37.4004,-3
6,-79.1911,37.4004,19
7,-79.1911,37.4004,0
0,-76.433,37.1982,4
1,-76.433,37.1982,13
2,-76.433,37.1982,40
3,-76.433,37.1982,15
4,-76.433,37.1982,7
5,-76.433,37.1982,11
6,-76.433,37.1982,11
7,-76.433,37.1982,38
0,-77.5356,36.6953,0
1,-77.5356,36.6953,0
2,-77.5356,36.6953,0
3,-77.5356,36.6953,0
4,-77.5356,36.6953,0
5,-77.5356,36.6953,0
6,-77.5356,36.6953,0
7,-77.5356,36.6953,0
0,-76.3569,37.1318,0
1,-76.3569,37.1318,0
2,-76.3569,37.1318,0
3,-76.3569,37.1318,0
4,-76.3569,37.1318,0
5,-76.3569,37.1318,0
6,-76.3569,37.1318,0
7,-76.3569,37.1318,0
0,-77.2985,37.2914,5
1,-77.2985,37.2914,6
2,-77.2985,37.2914,0
3,-77.2985,37.2914,8
4,-77.2985,37.2914,1
5,-77.2985,37.2914,1
6,-77.2985,37.2914,4
7,-77.2985,37.2914,2
0,-79.3565,37.7316,1
1,-79.3565,37.7316,1
2,-79.3565,37.7316,1
3,-79.3565,37.7316,1
4,-79.3565,37.7316,1
5,-79.3565,37.7316,1
6,-79.3565,37.7316,1
7,-79.3565,37.7316,1
0,-77.3969,37.265,24
1,-77.3969,37.265,3
2,-77.3969,37.265,0
3,-77.3969,37.265,16
4,-77.3969,37.265,3
5,-77.3969,37.265,3
6,-77.3969,37.265,0
7,-77.3969,37.265,13
0,-81.9923,37.805,6
1,-81.9923,37.805,5
2,-81.9923,37.805,12
3,-81.9923,37.805,14
4,-81.9923,37.805,16
5,-81.9923,37.805,13
6,-81.9923,37.805,17
7,-81.9923,37.805,20
0,-78.8661,38.8779,14
1,-78.8661,38.8779,14
2,-78.8661,38.8779,14
3,-78.8661,38.8779,14
4,-78.8661,38.8779,14
5,-78.8661,38.8779,14
6,-78.8661,38.8779,14
7,-78.8661,38.8779,14
0,-79.6455,39.0813,0
1,-79.6455,39.0813,0
2,-79.6455,39.0813,0
3,-79.6455,39.0813,0
4,-79.6455,39.0813,0
5,-79.6455,39.0813,0
6,-79.6455,39.0813,0
7,-79.6455,39.0813,0
0,-81.0795,37.9607,6
1,-81.0795,37.9607,5
2,-81.0795,37.9607,1
3,-81.0795,37.9607,8
4,-81.0795,37.9607,3
5,-81.0795,37.9607,3
6,-81.0795,37.9607,2
7,-81.0795,37.9607,3
0,-80.5998,40.6179,162
1,-80.5998,40.6179,69
2,-80.5998,40.6179,4
3,-80.5998,40.6179,18
4,-80.5998,40.6179,41
5,-80.5998,40.6179,68
6,-80.5998,40.6179,30
7,-80.5998,40.6179,10
0,-77.7517,39.3242,25
1,-77.7517,39.3242,11
2,-77.7517,39.3242,7
3,-77.7517,39.3242,6
4,-77.7517,39.3242,9
5,-77.7517,39.3242,5
6,-77.7517,39.3242,27
7,-77.7517,39.3242,23
0,-80.2989,39.3923,94
1,-80.2989,39.3923,4
2,-80.2989,39.3923,69
3,-80.2989,39.3923,1169
4,-80.2989,39.3923,200
5,-80.2989,39.3923,40
6,-80.2989,39.3923,194
7,-80.2989,39.3923,303
0,-82.4415,38.2254,5
1,-82.4415,38.2254,0
2,-82.4415,38.2254,0
3,-82.4415,38.2254,9
4,-82.4415,38.2254,11
5,-82.4415,38.2254,47
6,-82.4415,38.2254,10
7,-82.4415,38.2254,5
0,-79.3662,39.2711,1
1,-79.3662,39.2711,9
2,-79.3662,39.2711,4
3,-79.3662,39.2711,0
4,-79.3662,39.2711,2
5,-79.3662,39.2711,9
6,-79.3662,39.2711,16
7,-79.3662,39.2711,6
0,-81.4371,37.9443,75
1,-81.4371,37.9443,75
2,-81.4371,37.9443,75
3,-81.4371,37.9443,75
4,-81.4371,37.9443,75
5,-81.4371,37.9443,75
6,-81.4371,37.9443,75
7,-81.4371,37.9443,75
0,-80.964,37.4362,0
1,-80.964,37.4362,6
2,-80.964,37.4362,71
3,-80.964,37.4362,10
4,-80.964,37.4362,7
5,-80.964,37.4362,41
6,-80.964,37.4362,50
7,-80.964,37.4362,11
0,-81.7138,37.9713,1
1,-81.7138,37.9713,1
2,-81.7138,37.9713,1
3,-81.7138,37.9713,1
4,-81.7138,37.9713,1
5,-81.7138,37.9713,1
6,-81.7138,37.9713,1
7,-81.7138,37.9713,1
0,-79.8003,39.5512,2
1,-79.8003,39.5512,23
2,-79.8003,39.5512,2
3,-79.8003,39.5512,1
4,-79.8003,39.5512,6
5,-79.8003,39.5512,2
6,-79.8003,39.5512,0
7,-79.8003,39.5512,3
0,-80.5419,37.5905,0
1,-80.5419,37.5905,0
2,-80.5419,37.5905,0
3,-80.5419,37.5905,0
4,-80.5419,37.5905,0
5,-80.5419,37.5905,0
6,-80.5419,37.5905,0
7,-80.5419,37.5905,0
0,-81.3572,37.3675,1
1,-81.3572,37.3675,1
2,-81.3572,37.3675,1
3,-81.3572,37.3675,1
4,-81.3572,37.3675,1
5,-81.3572,37.3675,1
6,-81.3572,37.3675,1
7,-81.3572,37.3675,1
0,-79.8967,38.7968,3
1,-79.8967,38.7968,3
2,-79.8967,38.7968,3
3,-79.8967,38.7968,3
4,-79.8967,38.7968,3
5,-79.8967,38.7968,3
6,-79.8967,38.7968,3
7,-79.8967,38.7968,3
0,-79.9868,39.6587,179
1,-79.9868,39.6587,155
2,-79.9868,39.6587,43
3,-79.9868,39.6587,60
4,-79.9868,39.6587,2
5,-79.9868,39.6587,4
6,-79.9868,39.6587,17
7,-79.9868,39.6587,26
0,-81.513,39.1806,89
1,-81.513,39.1806,89
2,-81.513,39.1806,89
3,-81.513,39.1806,89
4,-81.513,39.1806,89
5,-81.513,39.1806,89
6,-81.513,39.1806,89
7,-81.513,39.1806,89
0,-81.9256,38.5374,8
1,-81.9256,38.5374,8
2,-81.9256,38.5374,8
3,-81.9256,38.5374,8
4,-81.9256,38.5374,8
5,-81.9256,38.5374,8
6,-81.9256,38.5374,8
7,-81.9256,38.5374,8
0,-81.3502,38.486,177
1,-81.3502,38.486,177
2,-81.3502,38.486,177
3,-81.3502,38.486,177
4,-81.3502,38.486,177
5,-81.3502,38.486,177
6,-81.3502,38.486,177
7,-81.3502,38.486,177
0,-82.3188,38.4154,7
1,-82.3188,38.4154,258
2,-82.3188,38.4154,162
3,-82.3188,38.4154,137
4,-82.3188,38.4154,64
5,-82.3188,38.4154,25
6,-82.3188,38.4154,179
7,-82.3188,38.4154,291
0,-80.6102,40.2811,2
1,-80.6102,40.2811,11
2,-80.6102,40.2811,3
3,-80.6102,40.2811,5
4,-80.6102,40.2811,0
5,-80.6102,40.2811,0
6,-80.6102,40.2811,-2
7,-80.6102,40.2811,3
0,-80.7335,39.9854,19
1,-80.7335,39.9854,5
2,-80.7335,39.9854,5
3,-80.7335,39.9854,26
4,-80.7335,39.9854,75
5,-80.7335,39.9854,57
6,-80.7335,39.9854,18
7,-80.7335,39.9854,7
0,-78.4553,39.5313,1
1,-78.4553,39.5313,47
2,-78.4553,39.5313,23
3,-78.4553,39.5313,2
4,-78.4553,39.5313,13
5,-78.4553,39.5313,80
6,-78.4553,39.5313,11
7,-78.4553,39.5313,5
0,-79.2413,38.6219,0
1,-79.2413,38.6219,0
2,-79.2413,38.6219,0
3,-79.2413,38.6219,0
4,-79.2413,38.6219,0
5,-79.2413,38.6219,0
6,-79.2413,38.6219,0
7,-79.2413,38.6219,0
0,-79.9505,38.9783,0
1,-79.9505,38.9783,0
2,-79.9505,38.9783,0
3,-79.9505,38.9783,0
4,-79.9505,38.9783,0
5,-79.9505,38.9783,0
6,-79.9505,38.9783,0
7,-79.9505,38.9783,0
0,-81.0962,38.8015,0
1,-81.0962,38.8015,0
2,-81.0962,38.8015,0
3,-81.0962,38.8015,0
4,-81.0962,38.8015,0
5,-81.0962,38.8015,0
6,-81.0962,38.8015,0
7,-81.0962,38.8015,0
0,-81.8235,38.8656,5
1,-81.8235,38.8656,6
2,-81.8235,38.8656,11
3,-81.8235,38.8656,7
4,-81.8235,38.8656,17
5,-81.8235,38.8656,39
6,-81.8235,38.8656,22
7,-81.8235,38.8656,15
0,-80.1287,39.2666,0
1,-80.1287,39.2666,0
2,-80.1287,39.2666,0
3,-80.1287,39.2666,0
4,-80.1287,39.2666,0
5,-80.1287,39.2666,0
6,-80.1287,39.2666,0
7,-80.1287,39.2666,0
0,-82.1696,37.6262,0
1,-82.1696,37.6262,0
2,-82.1696,37.6262,2
3,-82.1696,37.6262,2
4,-82.1696,37.6262,5
5,-82.1696,37.6262,3
6,-82.1696,37.6262,1
7,-82.1696,37.6262,1
0,-78.9223,39.336999999999996,11
1,-78.9223,39.336999999999996,13
2,-78.9223,39.336999999999996,14
3,-78.9223,39.336999999999996,-5
4,-78.9223,39.336999999999996,9
5,-78.9223,39.336999999999996,2
6,-78.9223,39.336999999999996,5
7,-78.9223,39.336999999999996,14
0,-80.1696,39.5013,583
1,-80.1696,39.5013,52
2,-80.1696,39.5013,50
3,-80.1696,39.5013,102
4,-80.1696,39.5013,89
5,-80.1696,39.5013,21
6,-80.1696,39.5013,49
7,-80.1696,39.5013,168
0,-80.0915,38.2746,0
1,-80.0915,38.2746,0
2,-80.0915,38.2746,0
3,-80.0915,38.2746,0
4,-80.0915,38.2746,0
5,-80.0915,38.2746,0
6,-80.0915,38.2746,0
7,-80.0915,38.2746,0
0,-80.3731,38.4604,0
1,-80.3731,38.4604,0
2,-80.3731,38.4604,0
3,-80.3731,38.4604,0
4,-80.3731,38.4604,0
5,-80.3731,38.4604,0
6,-80.3731,38.4604,0
7,-80.3731,38.4604,0
0,-82.1706,38.6663,8
1,-82.1706,38.6663,2
2,-82.1706,38.6663,5
3,-82.1706,38.6663,0
4,-82.1706,38.6663,0
5,-82.1706,38.6663,27
6,-82.1706,38.6663,21
7,-82.1706,38.6663,9
0,-80.8979,38.5632,3
1,-80.8979,38.5632,3
2,-80.8979,38.5632,3
3,-80.8979,38.5632,3
4,-80.8979,38.5632,3
5,-80.8979,38.5632,3
6,-80.8979,38.5632,3
7,-80.8979,38.5632,3
0,-80.2279,38.9927,4
1,-80.2279,38.9927,4
2,-80.2279,38.9927,4
3,-80.2279,38.9927,4
4,-80.2279,38.9927,4
5,-80.2279,38.9927,4
6,-80.2279,38.9927,4
7,-80.2279,38.9927,4
0,-81.0815,38.4662,0
1,-81.0815,38.4662,0
2,-81.0815,38.4662,0
3,-81.0815,38.4662,0
4,-81.0815,38.4662,0
5,-81.0815,38.4662,0
6,-81.0815,38.4662,0
7,-81.0815,38.4662,0
0,-81.4179,37.7154,0
1,-81.4179,37.7154,0
2,-81.4179,37.7154,0
3,-81.4179,37.7154,0
4,-81.4179,37.7154,0
5,-81.4179,37.7154,0
6,-81.4179,37.7154,0
7,-81.4179,37.7154,0
0,-81.3531,38.8025,0
1,-81.3531,38.8025,0
2,-81.3531,38.8025,0
3,-81.3531,38.8025,0
4,-81.3531,38.8025,0
5,-81.3531,38.8025,0
6,-81.3531,38.8025,0
7,-81.3531,38.8025,0
0,-80.7316,39.5689,1
1,-80.7316,39.5689,8
2,-80.7316,39.5689,22
3,-80.7316,39.5689,5
4,-80.7316,39.5689,3
5,-80.7316,39.5689,19
6,-80.7316,39.5689,17
7,-80.7316,39.5689,3
0,-80.9496,38.9815,4
1,-80.9496,38.9815,4
2,-80.9496,38.9815,4
3,-80.9496,38.9815,4
4,-80.9496,38.9815,4
5,-80.9496,38.9815,4
6,-80.9496,38.9815,4
7,-80.9496,38.9815,4
0,-80.8512,38.2001,30
1,-80.8512,38.2001,30
2,-80.8512,38.2001,30
3,-80.8512,38.2001,30
4,-80.8512,38.2001,30
5,-80.8512,38.2001,30
6,-80.8512,38.2001,30
7,-80.8512,38.2001,30
0,-78.5228,39.3732,5
1,-78.5228,39.3732,2
2,-78.5228,39.3732,2
3,-78.5228,39.3732,13
4,-78.5228,39.3732,8
5,-78.5228,39.3732,41
6,-78.5228,39.3732,12
7,-78.5228,39.3732,6
0,-80.6951,40.0753,84
1,-80.6951,40.0753,97
2,-80.6951,40.0753,17
3,-80.6951,40.0753,63
4,-80.6951,40.0753,16
5,-80.6951,40.0753,12
6,-80.6951,40.0753,0
7,-80.6951,40.0753,33
0,-77.9779,39.458,55
1,-77.9779,39.458,301
2,-77.9779,39.458,285
3,-77.9779,39.458,6
4,-77.9779,39.458,23
5,-77.9779,39.458,45
6,-77.9779,39.458,321
7,-77.9779,39.458,148
0,-80.4715,37.7503,18
1,-80.4715,37.7503,18
2,-80.4715,37.7503,18
3,-80.4715,37.7503,18
4,-80.4715,37.7503,18
5,-80.4715,37.7503,18
6,-80.4715,37.7503,18
7,-80.4715,37.7503,18
0,-81.2401,39.3201,0
1,-81.2401,39.3201,0
2,-81.2401,39.3201,0
3,-81.2401,39.3201,0
4,-81.2401,39.3201,0
5,-81.2401,39.3201,0
6,-81.2401,39.3201,0
7,-81.2401,39.3201,0
0,-80.8865,37.7243,4
1,-80.8865,37.7243,22
2,-80.8865,37.7243,3
3,-80.8865,37.7243,7
4,-80.8865,37.7243,0
5,-80.8865,37.7243,0
6,-80.8865,37.7243,7
7,-80.8865,37.7243,3
0,-81.1709,39.1226,0
1,-81.1709,39.1226,0
2,-81.1709,39.1226,0
3,-81.1709,39.1226,0
4,-81.1709,39.1226,0
5,-81.1709,39.1226,0
6,-81.1709,39.1226,0
7,-81.1709,39.1226,0
0,-81.3975,39.0618,0
1,-81.3975,39.0618,0
2,-81.3975,39.0618,0
3,-81.3975,39.0618,0
4,-81.3975,39.0618,0
5,-81.3975,39.0618,0
6,-81.3975,39.0618,0
7,-81.3975,39.0618,0
0,-80.9351,39.6035,11
1,-80.9351,39.6035,15
2,-80.9351,39.6035,-3
3,-80.9351,39.6035,0
4,-80.9351,39.6035,-2
5,-80.9351,39.6035,1
6,-80.9351,39.6035,1
7,-80.9351,39.6035,8
0,-80.6551,39.0393,10
1,-80.6551,39.0393,41
2,-80.6551,39.0393,1
3,-80.6551,39.0393,73
4,-80.6551,39.0393,45
5,-80.6551,39.0393,-3
6,-80.6551,39.0393,6
7,-80.6551,39.0393,3
0,-81.9893,38.2387,0
1,-81.9893,38.2387,0
2,-81.9893,38.2387,0
3,-81.9893,38.2387,0
4,-81.9893,38.2387,0
5,-81.9893,38.2387,0
6,-81.9893,38.2387,0
7,-81.9893,38.2387,0
0,-80.7407,39.1254,2
1,-80.7407,39.1254,2
2,-80.7407,39.1254,2
3,-80.7407,39.1254,2
4,-80.7407,39.1254,2
5,-80.7407,39.1254,2
6,-80.7407,39.1254,2
7,-80.7407,39.1254,2
0,-79.67699999999999,40.3312,202
1,-79.67699999999999,40.3312,148
2,-79.67699999999999,40.3312,185
3,-79.67699999999999,40.3312,348
4,-79.67699999999999,40.3312,538
5,-79.67699999999999,40.3312,625
6,-79.67699999999999,40.3312,800
7,-79.67699999999999,40.3312,335
0,-75.4338,39.894,183
1,-75.4338,39.894,752
2,-75.4338,39.894,550
3,-75.4338,39.894,381
4,-75.4338,39.894,309
5,-75.4338,39.894,347
6,-75.4338,39.894,716
7,-75.4338,39.894,1151
0,-75.7009,40.8289,12
1,-75.7009,40.8289,13
2,-75.7009,40.8289,21
3,-75.7009,40.8289,32
4,-75.7009,40.8289,49
5,-75.7009,40.8289,77
6,-75.7009,40.8289,73
7,-75.7009,40.8289,53
0,-79.8736,41.4998,18
1,-79.8736,41.4998,21
2,-79.8736,41.4998,38
3,-79.8736,41.4998,36
4,-79.8736,41.4998,34
5,-79.8736,41.4998,63
6,-79.8736,41.4998,35
7,-79.8736,41.4998,24
0,-80.4091,40.3264,117
1,-80.4091,40.3264,87
2,-80.4091,40.3264,91
3,-80.4091,40.3264,141
4,-80.4091,40.3264,245
5,-80.4091,40.3264,389
6,-80.4091,40.3264,415
7,-80.4091,40.3264,364
0,-76.44800000000001,40.336999999999996,72
1,-76.44800000000001,40.336999999999996,54
2,-76.44800000000001,40.336999999999996,57
3,-76.44800000000001,40.336999999999996,90
4,-76.44800000000001,40.336999999999996,135
5,-76.44800000000001,40.336999999999996,262
6,-76.44800000000001,40.336999999999996,311
7,-76.44800000000001,40.336999999999996,361
0,-75.2744,40.2111,27
1,-75.2744,40.2111,72
2,-75.2744,40.2111,73
3,-75.2744,40.2111,28
4,-75.2744,40.2111,8
5,-75.2744,40.2111,11
6,-75.2744,40.2111,42
7,-75.2744,40.2111,78
0,-77.0278,40.3951,14
1,-77.0278,40.3951,61
2,-77.0278,40.3951,41
3,-77.0278,40.3951,11
4,-77.0278,40.3951,25
5,-77.0278,40.3951,14
6,-77.0278,40.3951,106
7,-77.0278,40.3951,94
0,-78.8446,40.4111,23
1,-78.8446,40.4111,77
2,-78.8446,40.4111,98
3,-78.8446,40.4111,116
4,-78.8446,40.4111,185
5,-78.8446,40.4111,369
6,-78.8446,40.4111,512
7,-78.8446,40.4111,299
0,-80.1873,40.4001,2861
1,-80.1873,40.4001,2377
2,-80.1873,40.4001,2752
3,-80.1873,40.4001,3488
4,-80.1873,40.4001,4021
5,-80.1873,40.4001,3739
6,-80.1873,40.4001,3514
7,-80.1873,40.4001,2117
0,-75.666,41.4846,871
1,-75.666,41.4846,472
2,-75.666,41.4846,243
3,-75.666,41.4846,197
4,-75.666,41.4846,127
5,-75.666,41.4846,202
6,-75.666,41.4846,641
7,-75.666,41.4846,414
0,-76.1391,40.3495,132
1,-76.1391,40.3495,158
2,-76.1391,40.3495,233
3,-76.1391,40.3495,297
4,-76.1391,40.3495,348
5,-76.1391,40.3495,436
6,-76.1391,40.3495,555
7,-76.1391,40.3495,411
0,-80.4738,40.5989,137
1,-80.4738,40.5989,268
2,-80.4738,40.5989,156
3,-80.4738,40.5989,92
4,-80.4738,40.5989,39
5,-80.4738,40.5989,133
6,-80.4738,40.5989,360
7,-80.4738,40.5989,403
0,-75.2731,41.3957,42
1,-75.2731,41.3957,20
2,-75.2731,41.3957,17
3,-75.2731,41.3957,9
4,-75.2731,41.3957,23
5,-75.2731,41.3957,34
6,-75.2731,41.3957,61
7,-75.2731,41.3957,24
0,-75.8762,41.8332,17
1,-75.8762,41.8332,15
2,-75.8762,41.8332,11
3,-75.8762,41.8332,14
4,-75.8762,41.8332,20
5,-75.8762,41.8332,21
6,-75.8762,41.8332,26
7,-75.8762,41.8332,120
0,-74.8852,40.1015,136
1,-74.8852,40.1015,854
2,-74.8852,40.1015,1136
3,-74.8852,40.1015,279
4,-74.8852,40.1015,380
5,-74.8852,40.1015,719
6,-74.8852,40.1015,943
7,-74.8852,40.1015,21
0,-76.235,40.8565,81
1,-76.235,40.8565,52
2,-76.235,40.8565,56
3,-76.235,40.8565,70
4,-76.235,40.8565,131
5,-76.235,40.8565,294
6,-76.235,40.8565,353
7,-76.235,40.8565,316
0,-75.8214,41.3338,178
1,-75.8214,41.3338,266
2,-75.8214,41.3338,380
3,-75.8214,41.3338,557
4,-75.8214,41.3338,878
5,-75.8214,41.3338,589
6,-75.8214,41.3338,670
7,-75.8214,41.3338,672
0,-79.4603,40.9185,99
1,-79.4603,40.9185,237
2,-79.4603,40.9185,71
3,-79.4603,40.9185,56
4,-79.4603,40.9185,46
5,-79.4603,40.9185,70
6,-79.4603,40.9185,158
7,-79.4603,40.9185,163
0,-77.3107,40.7078,9
1,-77.3107,40.7078,11
2,-77.3107,40.7078,15
3,-77.3107,40.7078,8
4,-77.3107,40.7078,4
5,-77.3107,40.7078,6
6,-77.3107,40.7078,44
7,-77.3107,40.7078,72
0,-75.2024,40.6295,101
1,-75.2024,40.6295,129
2,-75.2024,40.6295,733
3,-75.2024,40.6295,83
4,-75.2024,40.6295,22
5,-75.2024,40.6295,273
6,-75.2024,40.6295,586
7,-75.2024,40.6295,51
0,-78.1697,40.3821,11
1,-78.1697,40.3821,12
2,-78.1697,40.3821,71
3,-78.1697,40.3821,85
4,-78.1697,40.3821,45
5,-78.1697,40.3821,18
6,-78.1697,40.3821,6
7,-78.1697,40.3821,56
0,-76.5841,39.9163,408
1,-76.5841,39.9163,358
2,-76.5841,39.9163,430
3,-76.5841,39.9163,632
4,-76.5841,39.9163,726
5,-76.5841,39.9163,926
6,-76.5841,39.9163,782
7,-76.5841,39.9163,616
0,-78.7749,41.1062,45
1,-78.7749,41.1062,25
2,-78.7749,41.1062,13
3,-78.7749,41.1062,11
4,-78.7749,41.1062,12
5,-78.7749,41.1062,17
6,-78.7749,41.1062,14
7,-78.7749,41.1062,9
0,-75.885,39.9639,73
1,-75.885,39.9639,81
2,-75.885,39.9639,96
3,-75.885,39.9639,143
4,-75.885,39.9639,209
5,-75.885,39.9639,309
6,-75.885,39.9639,342
7,-75.885,39.9639,438
0,-79.74,40.9505,29
1,-79.74,40.9505,31
2,-79.74,40.9505,50
3,-79.74,40.9505,79
4,-79.74,40.9505,109
5,-79.74,40.9505,151
6,-79.74,40.9505,208
7,-79.74,40.9505,156
0,-78.66,41.8694,4
1,-78.66,41.8694,4
2,-78.66,41.8694,4
3,-78.66,41.8694,2
4,-78.66,41.8694,0
5,-78.66,41.8694,7
6,-78.66,41.8694,5
7,-78.66,41.8694,5
0,-77.5306,41.0094,22
1,-77.5306,41.0094,5
2,-77.5306,41.0094,5
3,-77.5306,41.0094,9
4,-77.5306,41.0094,27
5,-77.5306,41.0094,34
6,-77.5306,41.0094,28
7,-77.5306,41.0094,7
0,-76.3275,39.832,375
1,-76.3275,39.832,318
2,-76.3275,39.832,372
3,-76.3275,39.832,380
4,-76.3275,39.832,361
5,-76.3275,39.832,410
6,-76.3275,39.832,431
7,-76.3275,39.832,466
0,-79.0941,41.7806,24
1,-79.0941,41.7806,15
2,-79.0941,41.7806,2
3,-79.0941,41.7806,2
4,-79.0941,41.7806,7
5,-79.0941,41.7806,3
6,-79.0941,41.7806,1
7,-79.0941,41.7806,5
0,-79.44800000000001,41.4937,8
1,-79.44800000000001,41.4937,4
2,-79.44800000000001,41.4937,0
3,-79.44800000000001,41.4937,2
4,-79.44800000000001,41.4937,4
5,-79.44800000000001,41.4937,0
6,-79.44800000000001,41.4937,1
7,-79.44800000000001,41.4937,6
0,-77.1569,39.8826,29
1,-77.1569,39.8826,14
2,-77.1569,39.8826,10
3,-77.1569,39.8826,12
4,-77.1569,39.8826,15
5,-77.1569,39.8826,32
6,-77.1569,39.8826,37
7,-77.1569,39.8826,58
0,-75.418,41.177,32
1,-75.418,41.177,40
2,-75.418,41.177,57
3,-75.418,41.177,116
4,-75.418,41.177,138
5,-75.418,41.177,200
6,-75.418,41.177,215
7,-75.418,41.177,240
0,-79.3803,41.2106,11
1,-79.3803,41.2106,52
2,-79.3803,41.2106,18
3,-79.3803,41.2106,6
4,-79.3803,41.2106,6
5,-79.3803,41.2106,10
6,-79.3803,41.2106,29
7,-79.3803,41.2106,27
0,-75.5072,40.6666,108
1,-75.5072,40.6666,300
2,-75.5072,40.6666,298
3,-75.5072,40.6666,109
4,-75.5072,40.6666,67
5,-75.5072,40.6666,57
6,-75.5072,40.6666,100
7,-75.5072,40.6666,359
0,-79.1646,40.6783,104
1,-79.1646,40.6783,188
2,-79.1646,40.6783,78
3,-79.1646,40.6783,25
4,-79.1646,40.6783,12
5,-79.1646,40.6783,40
6,-79.1646,40.6783,75
7,-79.1646,40.6783,98
0,-76.9274,40.2422,61
1,-76.9274,40.2422,38
2,-76.9274,40.2422,9
3,-76.9274,40.2422,9
4,-76.9274,40.2422,18
5,-76.9274,40.2422,83
6,-76.9274,40.2422,37
7,-76.9274,40.2422,11
0,-76.1763,41.7606,67
1,-76.1763,41.7606,43
2,-76.1763,41.7606,16
3,-76.1763,41.7606,10
4,-76.1763,41.7606,24
5,-76.1763,41.7606,29
6,-76.1763,41.7606,61
7,-76.1763,41.7606,15
0,-78.5075,40.2592,10
1,-78.5075,40.2592,25
2,-78.5075,40.2592,57
3,-78.5075,40.2592,8
4,-78.5075,40.2592,1
5,-78.5075,40.2592,8
6,-78.5075,40.2592,17
7,-78.5075,40.2592,38
0,-77.7057,40.98,47
1,-77.7057,40.98,23
2,-77.7057,40.98,24
3,-77.7057,40.98,18
4,-77.7057,40.98,38
5,-77.7057,40.98,107
6,-77.7057,40.98,94
7,-77.7057,40.98,36
0,-77.8141,40.5331,3
1,-77.8141,40.5331,5
2,-77.8141,40.5331,4
3,-77.8141,40.5331,9
4,-77.8141,40.5331,15
5,-77.8141,40.5331,17
6,-77.8141,40.5331,27
7,-77.8141,40.5331,23
0,-80.0893,41.1572,29
1,-80.0893,41.1572,25
2,-80.0893,41.1572,23
3,-80.0893,41.1572,19
4,-80.0893,41.1572,62
5,-80.0893,41.1572,133
6,-80.0893,41.1572,108
7,-80.0893,41.1572,47
0,-76.9455,41.3265,57
1,-76.9455,41.3265,55
2,-76.9455,41.3265,73
3,-76.9455,41.3265,125
4,-76.9455,41.3265,153
5,-76.9455,41.3265,209
6,-76.9455,41.3265,390
7,-76.9455,41.3265,224
0,-78.8765,40.9702,22
1,-78.8765,40.9702,117
2,-78.8765,40.9702,41
3,-78.8765,40.9702,15
4,-78.8765,40.9702,12
5,-78.8765,40.9702,6
6,-78.8765,40.9702,37
7,-78.8765,40.9702,39
0,-78.2272,40.6864,30
1,-78.2272,40.6864,39
2,-78.2272,40.6864,55
3,-78.2272,40.6864,126
4,-78.2272,40.6864,216
5,-78.2272,40.6864,240
6,-78.2272,40.6864,238
7,-78.2272,40.6864,207
0,-79.9986,39.9476,36
1,-79.9986,39.9476,115
2,-79.9986,39.9476,10
3,-79.9986,39.9476,21
4,-79.9986,39.9476,6
5,-79.9986,39.9476,37
6,-79.9986,39.9476,32
7,-79.9986,39.9476,10
0,-80.2625,40.8618,30
1,-80.2625,40.8618,17
2,-80.2625,40.8618,19
3,-80.2625,40.8618,44
4,-80.2625,40.8618,76
5,-80.2625,40.8618,103
6,-80.2625,40.8618,100
7,-80.2625,40.8618,39
0,-77.069,41.6795,13
1,-77.069,41.6795,4
2,-77.069,41.6795,3
3,-77.069,41.6795,10
4,-77.069,41.6795,4
5,-77.069,41.6795,41
6,-77.069,41.6795,17
7,-77.069,41.6795,8
0,-77.515,39.7243,85
1,-77.515,39.7243,42
2,-77.515,39.7243,25
3,-77.515,39.7243,33
4,-77.515,39.7243,52
5,-77.515,39.7243,81
6,-77.515,39.7243,144
7,-77.515,39.7243,83
0,-79.5872,40.0903,40
1,-79.5872,40.0903,314
2,-79.5872,40.0903,228
3,-79.5872,40.0903,170
4,-79.5872,40.0903,73
5,-79.5872,40.0903,122
6,-79.5872,40.0903,319
7,-79.5872,40.0903,94
0,-76.4969,41.0177,19
1,-76.4969,41.0177,21
2,-76.4969,41.0177,40
3,-76.4969,41.0177,26
4,-76.4969,41.0177,91
5,-76.4969,41.0177,68
6,-76.4969,41.0177,65
7,-76.4969,41.0177,53
0,-78.77199999999999,39.9834,33
1,-78.77199999999999,39.9834,37
2,-78.77199999999999,39.9834,40
3,-78.77199999999999,39.9834,79
4,-78.77199999999999,39.9834,83
5,-78.77199999999999,39.9834,73
6,-78.77199999999999,39.9834,63
7,-78.77199999999999,39.9834,42
0,-79.8333,42.2134,123
1,-79.8333,42.2134,61
2,-79.8333,42.2134,81
3,-79.8333,42.2134,92
4,-79.8333,42.2134,120
5,-79.8333,42.2134,147
6,-79.8333,42.2134,201
7,-79.8333,42.2134,264
0,-76.8843,40.2752,350
1,-76.8843,40.2752,209
2,-76.8843,40.2752,208
3,-76.8843,40.2752,268
4,-76.8843,40.2752,394
5,-76.8843,40.2752,460
6,-76.8843,40.2752,385
7,-76.8843,40.2752,560
0,-78.6869,41.5726,10
1,-78.6869,41.5726,6
2,-78.6869,41.5726,4
3,-78.6869,41.5726,4
4,-78.6869,41.5726,5
5,-78.6869,41.5726,11
6,-78.6869,41.5726,18
7,-78.6869,41.5726,29
0,-76.5832,41.4102,0
1,-76.5832,41.4102,5
2,-76.5832,41.4102,1
3,-76.5832,41.4102,0
4,-76.5832,41.4102,1
5,-76.5832,41.4102,0
6,-76.5832,41.4102,-1
7,-76.5832,41.4102,0
0,-76.6713,40.7841,16
1,-76.6713,40.7841,17
2,-76.6713,40.7841,27
3,-76.6713,40.7841,20
4,-76.6713,40.7841,68
5,-76.6713,40.7841,51
6,-76.6713,40.7841,71
7,-76.6713,40.7841,70
0,-76.0457,41.6119,47
1,-76.0457,41.6119,33
2,-76.0457,41.6119,9
3,-76.0457,41.6119,18
4,-76.0457,41.6119,23
5,-76.0457,41.6119,16
6,-76.0457,41.6119,31
7,-76.0457,41.6119,40
0,-78.1989,41.4148,0
1,-78.1989,41.4148,0
2,-78.1989,41.4148,0
3,-78.1989,41.4148,0
4,-78.1989,41.4148,0
5,-78.1989,41.4148,0
6,-78.1989,41.4148,0
7,-78.1989,41.4148,0
0,-79.8364,41.8176,18
1,-79.8364,41.8176,7
2,-79.8364,41.8176,8
3,-79.8364,41.8176,11
4,-79.8364,41.8176,11
5,-79.8364,41.8176,44
6,-79.8364,41.8176,51
7,-79.8364,41.8176,35
0,-77.1564,40.9002,1
1,-77.1564,40.9002,2
2,-77.1564,40.9002,4
3,-77.1564,40.9002,3
4,-77.1564,40.9002,2
5,-77.1564,40.9002,5
6,-77.1564,40.9002,8
7,-77.1564,40.9002,10
0,-76.635,40.9865,16
1,-76.635,40.9865,7
2,-76.635,40.9865,3
3,-76.635,40.9865,13
4,-76.635,40.9865,14
5,-76.635,40.9865,26
6,-76.635,40.9865,6
7,-76.635,40.9865,0
0,-77.11399999999999,40.6868,18
1,-77.11399999999999,40.6868,9
2,-77.11399999999999,40.6868,5
3,-77.11399999999999,40.6868,7
4,-77.11399999999999,40.6868,49
5,-77.11399999999999,40.6868,28
6,-77.11399999999999,40.6868,3
7,-77.11399999999999,40.6868,2
0,-77.9958,39.931999999999995,10
1,-77.9958,39.931999999999995,3
2,-77.9958,39.931999999999995,1
3,-77.9958,39.931999999999995,11
4,-77.9958,39.931999999999995,2
5,-77.9958,39.931999999999995,0
6,-77.9958,39.931999999999995,34
7,-77.9958,39.931999999999995,1
0,-78.0205,41.9207,0
1,-78.0205,41.9207,4
2,-78.0205,41.9207,5
3,-78.0205,41.9207,8
4,-78.0205,41.9207,8
5,-78.0205,41.9207,26
6,-78.0205,41.9207,11
7,-78.0205,41.9207,3
0,-75.183,41.4045,94
1,-75.183,41.4045,34
2,-75.183,41.4045,19
3,-75.183,41.4045,15
4,-75.183,41.4045,24
5,-75.183,41.4045,49
6,-75.183,41.4045,72
7,-75.183,41.4045,29
0,-75.134,40.0076,2265
1,-75.134,40.0076,6448
2,-75.134,40.0076,3927
3,-75.134,40.0076,1501
4,-75.134,40.0076,1386
5,-75.134,40.0076,2000
6,-75.134,40.0076,3070
7,-75.134,40.0076,8793
0,-82.80799999999999,41.4011,79
1,-82.80799999999999,41.4011,66
2,-82.80799999999999,41.4011,61
3,-82.80799999999999,41.4011,93
4,-82.80799999999999,41.4011,166
5,-82.80799999999999,41.4011,237
6,-82.80799999999999,41.4011,263
7,-82.80799999999999,41.4011,276
0,-84.2693,41.0997,1
1,-84.2693,41.0997,0
2,-84.2693,41.0997,0
3,-84.2693,41.0997,0
4,-84.2693,41.0997,0
5,-84.2693,41.0997,1
6,-84.2693,41.0997,9
7,-84.2693,41.0997,5
0,-83.9415,41.371,2
1,-83.9415,41.371,1
2,-83.9415,41.371,8
3,-83.9415,41.371,4
4,-83.9415,41.371,2
5,-83.9415,41.371,7
6,-83.9415,41.371,9
7,-83.9415,41.371,1
0,-81.9157,41.3128,78
1,-81.9157,41.3128,15
2,-81.9157,41.3128,201
3,-81.9157,41.3128,64
4,-81.9157,41.3128,44
5,-81.9157,41.3128,209
6,-81.9157,41.3128,670
7,-81.9157,41.3128,732
0,-83.4363,41.3236,24
1,-83.4363,41.3236,39
2,-83.4363,41.3236,52
3,-83.4363,41.3236,75
4,-83.4363,41.3236,135
5,-83.4363,41.3236,79
6,-83.4363,41.3236,140
7,-83.4363,41.3236,73
0,-83.58200000000001,41.6639,391
1,-83.58200000000001,41.6639,385
2,-83.58200000000001,41.6639,361
3,-83.58200000000001,41.6639,440
4,-83.58200000000001,41.6639,371
5,-83.58200000000001,41.6639,436
6,-83.58200000000001,41.6639,504
7,-83.58200000000001,41.6639,434
0,-82.84200000000001,38.7383,56
1,-82.84200000000001,38.7383,44
2,-82.84200000000001,38.7383,78
3,-82.84200000000001,38.7383,168
4,-82.84200000000001,38.7383,166
5,-82.84200000000001,38.7383,328
6,-82.84200000000001,38.7383,315
7,-82.84200000000001,38.7383,123
0,-82.01799999999999,39.9037,3
1,-82.01799999999999,39.9037,0
2,-82.01799999999999,39.9037,9
3,-82.01799999999999,39.9037,24
4,-82.01799999999999,39.9037,42
5,-82.01799999999999,39.9037,45
6,-82.01799999999999,39.9037,46
7,-82.01799999999999,39.9037,61
0,-81.5348,41.4948,631
1,-81.5348,41.4948,747
2,-81.5348,41.4948,986
3,-81.5348,41.4948,1366
4,-81.5348,41.4948,1955
5,-81.5348,41.4948,2169
6,-81.5348,41.4948,2659
7,-81.5348,41.4948,2813
0,-84.76299999999999,39.1864,1227
1,-84.76299999999999,39.1864,1685
2,-84.76299999999999,39.1864,1974
3,-84.76299999999999,39.1864,2402
4,-84.76299999999999,39.1864,2939
5,-84.76299999999999,39.1864,4100
6,-84.76299999999999,39.1864,5403
7,-84.76299999999999,39.1864,5503
0,-83.5444,40.4007,88
1,-83.5444,40.4007,53
2,-83.5444,40.4007,40
3,-83.5444,40.4007,30
4,-83.5444,40.4007,41
5,-83.5444,40.4007,72
6,-83.5444,40.4007,130
7,-83.5444,40.4007,84
0,-84.41799999999999,41.5024,0
1,-84.41799999999999,41.5024,0
2,-84.41799999999999,41.5024,7
3,-84.41799999999999,41.5024,2
4,-84.41799999999999,41.5024,2
5,-84.41799999999999,41.5024,1
6,-84.41799999999999,41.5024,10
7,-84.41799999999999,41.5024,7
0,-84.1532,39.2325,78
1,-84.1532,39.2325,563
2,-84.1532,39.2325,251
3,-84.1532,39.2325,231
4,-84.1532,39.2325,85
5,-84.1532,39.2325,220
6,-84.1532,39.2325,650
7,-84.1532,39.2325,134
0,-84.7746,40.8006,9
1,-84.7746,40.8006,32
2,-84.7746,40.8006,98
3,-84.7746,40.8006,45
4,-84.7746,40.8006,26
5,-84.7746,40.8006,12
6,-84.7746,40.8006,16
7,-84.7746,40.8006,69
0,-82.5049,40.5342,9
1,-82.5049,40.5342,10
2,-82.5049,40.5342,19
3,-82.5049,40.5342,27
4,-82.5049,40.5342,25
5,-82.5049,40.5342,30
6,-82.5049,40.5342,35
7,-82.5049,40.5342,29
0,-83.3285,41.2162,65
1,-83.3285,41.2162,28
2,-83.3285,41.2162,22
3,-83.3285,41.2162,32
4,-83.3285,41.2162,56
5,-83.3285,41.2162,134
6,-83.3285,41.2162,164
7,-83.3285,41.2162,74
0,-83.8235,40.9348,35
1,-83.8235,40.9348,24
2,-83.8235,40.9348,37
3,-83.8235,40.9348,44
4,-83.8235,40.9348,82
5,-83.8235,40.9348,173
6,-83.8235,40.9348,185
7,-83.8235,40.9348,154
0,-82.4271,39.921,71
1,-82.4271,39.921,71
2,-82.4271,39.921,23
3,-82.4271,39.921,8
4,-82.4271,39.921,6
5,-82.4271,39.921,29
6,-82.4271,39.921,50
7,-82.4271,39.921,23
0,-81.1313,40.1621,36
1,-81.1313,40.1621,22
2,-81.1313,40.1621,21
3,-81.1313,40.1621,30
4,-81.1313,40.1621,42
5,-81.1313,40.1621,93
6,-81.1313,40.1621,137
7,-81.1313,40.1621,110
0,-82.6108,39.1117,111
1,-82.6108,39.1117,49
2,-82.6108,39.1117,48
3,-82.6108,39.1117,31
4,-82.6108,39.1117,25
5,-82.6108,39.1117,58
6,-82.6108,39.1117,158
7,-82.6108,39.1117,187
0,-82.03399999999999,39.0292,6
1,-82.03399999999999,39.0292,9
2,-82.03399999999999,39.0292,14
3,-82.03399999999999,39.0292,19
4,-82.03399999999999,39.0292,19
5,-82.03399999999999,39.0292,16
6,-82.03399999999999,39.0292,19
7,-82.03399999999999,39.0292,13
0,-83.5564,39.6522,38
1,-83.5564,39.6522,21
2,-83.5564,39.6522,20
3,-83.5564,39.6522,25
4,-83.5564,39.6522,56
5,-83.5564,39.6522,74
6,-83.5564,39.6522,126
7,-83.5564,39.6522,95
0,-83.2628,40.3533,83
1,-83.2628,40.3533,23
2,-83.2628,40.3533,30
3,-83.2628,40.3533,59
4,-83.2628,40.3533,19
5,-83.2628,40.3533,6
6,-83.2628,40.3533,16
7,-83.2628,40.3533,86
0,-82.4915,41.2508,25
1,-82.4915,41.2508,203
2,-82.4915,41.2508,108
3,-82.4915,41.2508,43
4,-82.4915,41.2508,64
5,-82.4915,41.2508,60
6,-82.4915,41.2508,106
7,-82.4915,41.2508,187
0,-82.4502,40.9345,205
1,-82.4502,40.9345,148
2,-82.4502,40.9345,73
3,-82.4502,40.9345,55
4,-82.4502,40.9345,93
5,-82.4502,40.9345,135
6,-82.4502,40.9345,163
7,-82.4502,40.9345,244
0,-84.3165,39.7927,3336
1,-84.3165,39.7927,1598
2,-84.3165,39.7927,873
3,-84.3165,39.7927,897
4,-84.3165,39.7927,1348
5,-84.3165,39.7927,1266
6,-84.3165,39.7927,2075
7,-84.3165,39.7927,2709
0,-84.5652,39.3938,192
1,-84.5652,39.3938,274
2,-84.5652,39.3938,439
3,-84.5652,39.3938,712
4,-84.5652,39.3938,687
5,-84.5652,39.3938,659
6,-84.5652,39.3938,544
7,-84.5652,39.3938,367
0,-81.4165,40.8159,62
1,-81.4165,40.8159,116
2,-81.4165,40.8159,231
3,-81.4165,40.8159,133
4,-81.4165,40.8159,100
5,-81.4165,40.8159,222
6,-81.4165,40.8159,930
7,-81.4165,40.8159,904
0,-81.9948,40.9864,73
1,-81.9948,40.9864,36
2,-81.9948,40.9864,37
3,-81.9948,40.9864,54
4,-81.9948,40.9864,75
5,-81.9948,40.9864,81
6,-81.9948,40.9864,116
7,-81.9948,40.9864,117
0,-82.2818,40.9214,131
1,-82.2818,40.9214,62
2,-82.2818,40.9214,56
3,-82.2818,40.9214,42
4,-82.2818,40.9214,64
5,-82.2818,40.9214,137
6,-82.2818,40.9214,163
7,-82.2818,40.9214,195
0,-81.495,40.5609,10
1,-81.495,40.5609,11
2,-81.495,40.5609,16
3,-81.495,40.5609,22
4,-81.495,40.5609,20
5,-81.495,40.5609,27
6,-81.495,40.5609,32
7,-81.495,40.5609,32
0,-84.2855,41.3259,98
1,-84.2855,41.3259,45
2,-84.2855,41.3259,26
3,-84.2855,41.3259,31
4,-84.2855,41.3259,58
5,-84.2855,41.3259,113
6,-84.2855,41.3259,168
7,-84.2855,41.3259,142
0,-80.6173,41.8567,85
1,-80.6173,41.8567,63
2,-80.6173,41.8567,76
3,-80.6173,41.8567,97
4,-80.6173,41.8567,160
5,-80.6173,41.8567,306
6,-80.6173,41.8567,363
7,-80.6173,41.8567,283
0,-83.7878,38.8673,55
1,-83.7878,38.8673,22
2,-83.7878,38.8673,17
3,-83.7878,38.8673,35
4,-83.7878,38.8673,40
5,-83.7878,38.8673,82
6,-83.7878,38.8673,111
7,-83.7878,38.8673,89
0,-83.0703,39.8665,226
1,-83.0703,39.8665,1418
2,-83.0703,39.8665,1834
3,-83.0703,39.8665,822
4,-83.0703,39.8665,496
5,-83.0703,39.8665,858
6,-83.0703,39.8665,1322
7,-83.0703,39.8665,3304
0,-82.6618,40.6209,9
1,-82.6618,40.6209,10
2,-82.6618,40.6209,14
3,-82.6618,40.6209,16
4,-82.6618,40.6209,28
5,-82.6618,40.6209,30
6,-82.6618,40.6209,26
7,-82.6618,40.6209,29
0,-82.7779,39.554,76
1,-82.7779,39.554,39
2,-82.7779,39.554,49
3,-82.7779,39.554,68
4,-82.7779,39.554,109
5,-82.7779,39.554,131
6,-82.7779,39.554,106
7,-82.7779,39.554,74
0,-81.5219,41.0802,73
1,-81.5219,41.0802,89
2,-81.5219,41.0802,103
3,-81.5219,41.0802,143
4,-81.5219,41.0802,180
5,-81.5219,41.0802,212
6,-81.5219,41.0802,255
7,-81.5219,41.0802,312
0,-81.7517,40.2761,11
1,-81.7517,40.2761,11
2,-81.7517,40.2761,13
3,-81.7517,40.2761,20
4,-81.7517,40.2761,22
5,-81.7517,40.2761,12
6,-81.7517,40.2761,13
7,-81.7517,40.2761,53
0,-83.2993,39.9487,41
1,-83.2993,39.9487,34
2,-83.2993,39.9487,39
3,-83.2993,39.9487,51
4,-83.2993,39.9487,108
5,-83.2993,39.9487,105
6,-83.2993,39.9487,95
7,-83.2993,39.9487,89
0,-83.3218,41.388000000000005,28
1,-83.3218,41.388000000000005,26
2,-83.3218,41.388000000000005,7
3,-83.3218,41.388000000000005,22
4,-83.3218,41.388000000000005,53
5,-83.3218,41.388000000000005,40
6,-83.3218,41.388000000000005,73
7,-83.3218,41.388000000000005,37
0,-81.0231,40.9207,901
1,-81.0231,40.9207,437
2,-81.0231,40.9207,264
3,-81.0231,40.9207,147
4,-81.0231,40.9207,253
5,-81.0231,40.9207,346
6,-81.0231,40.9207,654
7,-81.0231,40.9207,635
0,-84.1236,39.3496,79
1,-84.1236,39.3496,109
2,-84.1236,39.3496,156
3,-84.1236,39.3496,208
4,-84.1236,39.3496,223
5,-84.1236,39.3496,259
6,-84.1236,39.3496,240
7,-84.1236,39.3496,189
0,-81.2824,39.9156,7
1,-81.2824,39.9156,3
2,-81.2824,39.9156,2
3,-81.2824,39.9156,2
4,-81.2824,39.9156,8
5,-81.2824,39.9156,15
6,-81.2824,39.9156,15
7,-81.2824,39.9156,7
0,-84.7378,41.1798,1
1,-84.7378,41.1798,4
2,-84.7378,41.1798,2
3,-84.7378,41.1798,3
4,-84.7378,41.1798,1
5,-84.7378,41.1798,7
6,-84.7378,41.1798,28
7,-84.7378,41.1798,3
0,-82.1261,39.4005,35
1,-82.1261,39.4005,215
2,-82.1261,39.4005,112
3,-82.1261,39.4005,69
4,-82.1261,39.4005,52
5,-82.1261,39.4005,55
6,-82.1261,39.4005,227
7,-82.1261,39.4005,107
0,-81.2812,40.2737,1
1,-81.2812,40.2737,-1
2,-81.2812,40.2737,0
3,-81.2812,40.2737,0
4,-81.2812,40.2737,3
5,-81.2812,40.2737,6
6,-81.2812,40.2737,3
7,-81.2812,40.2737,7
0,-82.4129,39.9595,42
1,-82.4129,39.9595,193
2,-82.4129,39.9595,563
3,-82.4129,39.9595,227
4,-82.4129,39.9595,16
5,-82.4129,39.9595,56
6,-82.4129,39.9595,257
7,-82.4129,39.9595,173
0,-82.4488,38.4298,19
1,-82.4488,38.4298,6
2,-82.4488,38.4298,9
3,-82.4488,38.4298,11
4,-82.4488,38.4298,15
5,-82.4488,38.4298,71
6,-82.4488,38.4298,69
7,-82.4488,38.4298,74
0,-82.5446,39.8426,27
1,-82.5446,39.8426,79
2,-82.5446,39.8426,468
3,-82.5446,39.8426,252
4,-82.5446,39.8426,97
5,-82.5446,39.8426,97
6,-82.5446,39.8426,333
7,-82.5446,39.8426,370
0,-81.469,41.6072,207
1,-81.469,41.6072,271
2,-81.469,41.6072,353
3,-81.469,41.6072,469
4,-81.469,41.6072,649
5,-81.469,41.6072,877
6,-81.469,41.6072,862
7,-81.469,41.6072,636
0,-81.4562,39.6314,27
1,-81.4562,39.6314,25
2,-81.4562,39.6314,33
3,-81.4562,39.6314,50
4,-81.4562,39.6314,51
5,-81.4562,39.6314,68
6,-81.4562,39.6314,144
7,-81.4562,39.6314,114
0,-82.1463,38.8862,38
1,-82.1463,38.8862,20
2,-82.1463,38.8862,21
3,-82.1463,38.8862,23
4,-82.1463,38.8862,70
5,-82.1463,38.8862,125
6,-82.1463,38.8862,149
7,-82.1463,38.8862,183
0,-82.0122,41.0348,152
1,-82.0122,41.0348,71
2,-82.0122,41.0348,83
3,-82.0122,41.0348,97
4,-82.0122,41.0348,105
5,-82.0122,41.0348,102
6,-82.0122,41.0348,97
7,-82.0122,41.0348,90
0,-83.8109,39.3224,176
1,-83.8109,39.3224,82
2,-83.8109,39.3224,35
3,-83.8109,39.3224,33
4,-83.8109,39.3224,45
5,-83.8109,39.3224,76
6,-83.8109,39.3224,171
7,-83.8109,39.3224,95
0,-80.675,40.8871,74
1,-80.675,40.8871,39
2,-80.675,40.8871,36
3,-80.675,40.8871,72
4,-80.675,40.8871,98
5,-80.675,40.8871,187
6,-80.675,40.8871,336
7,-80.675,40.8871,237
0,-84.0848,40.8305,94
1,-84.0848,40.8305,45
2,-84.0848,40.8305,53
3,-84.0848,40.8305,71
4,-84.0848,40.8305,118
5,-84.0848,40.8305,234
6,-84.0848,40.8305,237
7,-84.0848,40.8305,105
0,-83.9053,41.7113,7
1,-83.9053,41.7113,11
2,-83.9053,41.7113,15
3,-83.9053,41.7113,16
4,-83.9053,41.7113,18
5,-83.9053,41.7113,14
6,-83.9053,41.7113,19
7,-83.9053,41.7113,27
0,-80.6656,41.461999999999996,143
1,-80.6656,41.461999999999996,98
2,-80.6656,41.461999999999996,151
3,-80.6656,41.461999999999996,122
4,-80.6656,41.461999999999996,211
5,-80.6656,41.461999999999996,358
6,-80.6656,41.461999999999996,497
7,-80.6656,41.461999999999996,501
0,-83.9635,40.2174,85
1,-83.9635,40.2174,37
2,-83.9635,40.2174,16
3,-83.9635,40.2174,15
4,-83.9635,40.2174,28
5,-83.9635,40.2174,72
6,-83.9635,40.2174,88
7,-83.9635,40.2174,71
0,-83.1842,39.4069,30
1,-83.1842,39.4069,38
2,-83.1842,39.4069,53
3,-83.1842,39.4069,72
4,-83.1842,39.4069,114
5,-83.1842,39.4069,177
6,-83.1842,39.4069,179
7,-83.1842,39.4069,116
0,-83.7431,39.6598,162
1,-83.7431,39.6598,77
2,-83.7431,39.6598,75
3,-83.7431,39.6598,88
4,-83.7431,39.6598,127
5,-83.7431,39.6598,281
6,-83.7431,39.6598,230
7,-83.7431,39.6598,192
0,-81.9164,40.5533,8
1,-81.9164,40.5533,8
2,-81.9164,40.5533,3
3,-81.9164,40.5533,2
4,-81.9164,40.5533,2
5,-81.9164,40.5533,8
6,-81.9164,40.5533,10
7,-81.9164,40.5533,7
0,-84.2597,40.4389,78
1,-84.2597,40.4389,37
2,-84.2597,40.4389,40
3,-84.2597,40.4389,74
4,-84.2597,40.4389,91
5,-84.2597,40.4389,215
6,-84.2597,40.4389,210
7,-84.2597,40.4389,68
0,-81.5868,40.0221,45
1,-81.5868,40.0221,23
2,-81.5868,40.0221,16
3,-81.5868,40.0221,22
4,-81.5868,40.0221,40
5,-81.5868,40.0221,117
6,-81.5868,40.0221,159
7,-81.5868,40.0221,96
0,-84.7761,40.4113,9
1,-84.7761,40.4113,63
2,-84.7761,40.4113,179
3,-84.7761,40.4113,95
4,-84.7761,40.4113,12
5,-84.7761,40.4113,105
6,-84.7761,40.4113,188
7,-84.7761,40.4113,26
0,-81.0501,41.0245,156
1,-81.0501,41.0245,79
2,-81.0501,41.0245,66
3,-81.0501,41.0245,72
4,-81.0501,41.0245,141
5,-81.0501,41.0245,228
6,-81.0501,41.0245,292
7,-81.0501,41.0245,191
0,-82.8369,41.5853,7
1,-82.8369,41.5853,6
2,-82.8369,41.5853,9
3,-82.8369,41.5853,17
4,-82.8369,41.5853,21
5,-82.8369,41.5853,23
6,-82.8369,41.5853,66
7,-82.8369,41.5853,36
0,-84.7133,39.7917,10
1,-84.7133,39.7917,12
2,-84.7133,39.7917,15
3,-84.7133,39.7917,19
4,-84.7133,39.7917,20
5,-84.7133,39.7917,17
6,-84.7133,39.7917,53
7,-84.7133,39.7917,31
0,-83.4713,38.8559,21
1,-83.4713,38.8559,25
2,-83.4713,38.8559,354
3,-83.4713,38.8559,167
4,-83.4713,38.8559,19
5,-83.4713,38.8559,38
6,-83.4713,38.8559,229
7,-83.4713,38.8559,105
0,-82.9102,39.1517,27
1,-82.9102,39.1517,12
2,-82.9102,39.1517,12
3,-82.9102,39.1517,18
4,-82.9102,39.1517,23
5,-82.9102,39.1517,56
6,-82.9102,39.1517,100
7,-82.9102,39.1517,48
0,-84.6384,40.2802,72
1,-84.6384,40.2802,42
2,-84.6384,40.2802,21
3,-84.6384,40.2802,24
4,-84.6384,40.2802,59
5,-84.6384,40.2802,104
6,-84.6384,40.2802,86
7,-84.6384,40.2802,56
0,-82.7773,40.7392,46
1,-82.7773,40.7392,94
2,-82.7773,40.7392,95
3,-82.7773,40.7392,51
4,-82.7773,40.7392,35
5,-82.7773,40.7392,96
6,-82.7773,40.7392,225
7,-82.7773,40.7392,90
0,-81.0354,39.8489,0
1,-81.0354,39.8489,14
2,-81.0354,39.8489,8
3,-81.0354,39.8489,3
4,-81.0354,39.8489,11
5,-81.0354,39.8489,44
6,-81.0354,39.8489,11
7,-81.0354,39.8489,3
0,-83.3836,40.95,4
1,-83.3836,40.95,2
2,-83.3836,40.95,1
3,-83.3836,40.95,6
4,-83.3836,40.95,21
5,-83.3836,40.95,31
6,-83.3836,40.95,36
7,-83.3836,40.95,12
0,-80.652,40.3653,25
1,-80.652,40.3653,23
2,-80.652,40.3653,29
3,-80.652,40.3653,46
4,-80.652,40.3653,67
5,-80.652,40.3653,97
6,-80.652,40.3653,115
7,-80.652,40.3653,123
0,-83.08,40.1679,603
1,-83.08,40.1679,1323
2,-83.08,40.1679,586
3,-83.08,40.1679,87
4,-83.08,40.1679,52
5,-83.08,40.1679,177
6,-83.08,40.1679,421
7,-83.08,40.1679,194
0,-81.0591,41.3722,27
1,-81.0591,41.3722,11
2,-81.0591,41.3722,9
3,-81.0591,41.3722,24
4,-81.0591,41.3722,44
5,-81.0591,41.3722,60
6,-81.0591,41.3722,69
7,-81.0591,41.3722,40
0,-81.0031,40.5209,2
1,-81.0031,40.5209,2
2,-81.0031,40.5209,4
3,-81.0031,40.5209,4
4,-81.0031,40.5209,3
5,-81.0031,40.5209,0
6,-81.0031,40.5209,6
7,-81.0031,40.5209,2
0,-84.0243,39.8862,39
1,-84.0243,39.8862,21
2,-84.0243,39.8862,8
3,-84.0243,39.8862,18
4,-84.0243,39.8862,14
5,-84.0243,39.8862,79
6,-84.0243,39.8862,168
7,-84.0243,39.8862,121
0,-82.5243,39.1591,16
1,-82.5243,39.1591,11
2,-82.5243,39.1591,2
3,-82.5243,39.1591,3
4,-82.5243,39.1591,1
5,-82.5243,39.1591,27
6,-82.5243,39.1591,29
7,-82.5243,39.1591,4
0,-84.4084,39.9951,121
1,-84.4084,39.9951,68
2,-84.4084,39.9951,64
3,-84.4084,39.9951,43
4,-84.4084,39.9951,65
5,-84.4084,39.9951,114
6,-84.4084,39.9951,108
7,-84.4084,39.9951,79
0,-83.5114,40.8064,297
1,-83.5114,40.8064,129
2,-83.5114,40.8064,63
3,-83.5114,40.8064,48
4,-83.5114,40.8064,30
5,-83.5114,40.8064,92
6,-83.5114,40.8064,218
7,-83.5114,40.8064,65
0,-83.3871,39.0747,227
1,-83.3871,39.0747,107
2,-83.3871,39.0747,39
3,-83.3871,39.0747,27
4,-83.3871,39.0747,52
5,-83.3871,39.0747,107
6,-83.3871,39.0747,186
7,-83.3871,39.0747,126
0,-83.2077,40.5321,100
1,-83.2077,40.5321,66
2,-83.2077,40.5321,59
3,-83.2077,40.5321,72
4,-83.2077,40.5321,130
5,-83.2077,40.5321,286
6,-83.2077,40.5321,314
7,-83.2077,40.5321,238
0,-82.5993,39.4187,32
1,-82.5993,39.4187,15
2,-82.5993,39.4187,6
3,-82.5993,39.4187,6
4,-82.5993,39.4187,10
5,-82.5993,39.4187,10
6,-82.5993,39.4187,30
7,-82.5993,39.4187,42
0,-84.146,40.6513,51
1,-84.146,40.6513,36
2,-84.146,40.6513,47
3,-84.146,40.6513,41
4,-84.146,40.6513,35
5,-84.146,40.6513,43
6,-84.146,40.6513,36
7,-84.146,40.6513,28
0,-81.9154,39.7373,7
1,-81.9154,39.7373,11
2,-81.9154,39.7373,8
3,-81.9154,39.7373,2
4,-81.9154,39.7373,0
5,-81.9154,39.7373,1
6,-81.9154,39.7373,2
7,-81.9154,39.7373,2
0,-83.3185,38.2529,17
1,-83.3185,38.2529,10
2,-83.3185,38.2529,12
3,-83.3185,38.2529,10
4,-83.3185,38.2529,14
5,-83.3185,38.2529,25
6,-83.3185,38.2529,63
7,-83.3185,38.2529,38
0,-85.6333,38.2907,520
1,-85.6333,38.2907,399
2,-85.6333,38.2907,454
3,-85.6333,38.2907,574
4,-85.6333,38.2907,763
5,-85.6333,38.2907,1062
6,-85.6333,38.2907,1497
7,-85.6333,38.2907,1857
0,-83.2752,37.2245,0
1,-83.2752,37.2245,0
2,-83.2752,37.2245,0
3,-83.2752,37.2245,0
4,-83.2752,37.2245,0
5,-83.2752,37.2245,0
6,-83.2752,37.2245,0
7,-83.2752,37.2245,0
0,-86.6304,37.8312,0
1,-86.6304,37.8312,0
2,-86.6304,37.8312,0
3,-86.6304,37.8312,0
4,-86.6304,37.8312,0
5,-86.6304,37.8312,0
6,-86.6304,37.8312,0
7,-86.6304,37.8312,0
0,-88.4381,36.5892,2
1,-88.4381,36.5892,1
2,-88.4381,36.5892,1
3,-88.4381,36.5892,0
4,-88.4381,36.5892,0
5,-88.4381,36.5892,0
6,-88.4381,36.5892,4
7,-88.4381,36.5892,6
0,-86.7728,37.5589,0
1,-86.7728,37.5589,0
2,-86.7728,37.5589,0
3,-86.7728,37.5589,0
4,-86.7728,37.5589,0
5,-86.7728,37.5589,0
6,-86.7728,37.5589,0
7,-86.7728,37.5589,0
0,-82.7994,37.451,1
1,-82.7994,37.451,2
2,-82.7994,37.451,4
3,-82.7994,37.451,6
4,-82.7994,37.451,9
5,-82.7994,37.451,6
6,-82.7994,37.451,0
7,-82.7994,37.451,1
0,-83.6156,38.1193,3
1,-83.6156,38.1193,3
2,-83.6156,38.1193,3
3,-83.6156,38.1193,3
4,-83.6156,38.1193,3
5,-83.6156,38.1193,3
6,-83.6156,38.1193,3
7,-83.6156,38.1193,3
0,-85.4839,38.3355,4
1,-85.4839,38.3355,6
2,-85.4839,38.3355,7
3,-85.4839,38.3355,12
4,-85.4839,38.3355,12
5,-85.4839,38.3355,20
6,-85.4839,38.3355,20
7,-85.4839,38.3355,15
0,-87.8909,37.5584,0
1,-87.8909,37.5584,0
2,-87.8909,37.5584,0
3,-87.8909,37.5584,0
4,-87.8909,37.5584,0
5,-87.8909,37.5584,0
6,-87.8909,37.5584,0
7,-87.8909,37.5584,0
0,-84.4699,38.2204,11
1,-84.4699,38.2204,13
2,-84.4699,38.2204,22
3,-84.4699,38.2204,13
4,-84.4699,38.2204,31
5,-84.4699,38.2204,7
6,-84.4699,38.2204,39
7,-84.4699,38.2204,37
0,-84.1004,36.9321,2
1,-84.1004,36.9321,4
2,-84.1004,36.9321,1
3,-84.1004,36.9321,3
4,-84.1004,36.9321,2
5,-84.1004,36.9321,0
6,-84.1004,36.9321,6
7,-84.1004,36.9321,0
0,-87.6885,37.1737,0
1,-87.6885,37.1737,3
2,-87.6885,37.1737,2
3,-87.6885,37.1737,1
4,-87.6885,37.1737,0
5,-87.6885,37.1737,0
6,-87.6885,37.1737,1
7,-87.6885,37.1737,3
0,-84.5675,39.0338,273
1,-84.5675,39.0338,324
2,-84.5675,39.0338,394
3,-84.5675,39.0338,580
4,-84.5675,39.0338,527
5,-84.5675,39.0338,419
6,-84.5675,39.0338,357
7,-84.5675,39.0338,260
0,-84.6329,37.1745,10
1,-84.6329,37.1745,7
2,-84.6329,37.1745,10
3,-84.6329,37.1745,9
4,-84.6329,37.1745,4
5,-84.6329,37.1745,38
6,-84.6329,37.1745,40
7,-84.6329,37.1745,21
0,-84.3311,38.6708,21
1,-84.3311,38.6708,23
2,-84.3311,38.6708,48
3,-84.3311,38.6708,32
4,-84.3311,38.6708,44
5,-84.3311,38.6708,32
6,-84.3311,38.6708,34
7,-84.3311,38.6708,21
0,-87.2125,37.1231,0
1,-87.2125,37.1231,0
2,-87.2125,37.1231,0
3,-87.2125,37.1231,1
4,-87.2125,37.1231,2
5,-87.2125,37.1231,1
6,-87.2125,37.1231,2
7,-87.2125,37.1231,1
0,-85.6927,36.7012,0
1,-85.6927,36.7012,0
2,-85.6927,36.7012,0
3,-85.6927,36.7012,0
4,-85.6927,36.7012,0
5,-85.6927,36.7012,0
6,-85.6927,36.7012,0
7,-85.6927,36.7012,0
0,-84.6731,38.9472,38
1,-84.6731,38.9472,78
2,-84.6731,38.9472,138
3,-84.6731,38.9472,223
4,-84.6731,38.9472,167
5,-84.6731,38.9472,200
6,-84.6731,38.9472,171
7,-84.6731,38.9472,98
0,-82.0632,37.4807,6
1,-82.0632,37.4807,3
2,-82.0632,37.4807,2
3,-82.0632,37.4807,17
4,-82.0632,37.4807,17
5,-82.0632,37.4807,17
6,-82.0632,37.4807,26
7,-82.0632,37.4807,4
0,-85.9915,37.9366,2
1,-85.9915,37.9366,1
2,-85.9915,37.9366,3
3,-85.9915,37.9366,8
4,-85.9915,37.9366,4
5,-85.9915,37.9366,11
6,-85.9915,37.9366,1
7,-85.9915,37.9366,1
0,-83.4585,37.4215,1
1,-83.4585,37.4215,1
2,-83.4585,37.4215,1
3,-83.4585,37.4215,1
4,-83.4585,37.4215,1
5,-83.4585,37.4215,1
6,-83.4585,37.4215,1
7,-83.4585,37.4215,1
0,-85.0683,36.8051,0
1,-85.0683,36.8051,0
2,-85.0683,36.8051,0
3,-85.0683,36.8051,0
4,-85.0683,36.8051,0
5,-85.0683,36.8051,0
6,-85.0683,36.8051,0
7,-85.0683,36.8051,0
0,-83.0488,37.9734,0
1,-83.0488,37.9734,0
2,-83.0488,37.9734,0
3,-83.0488,37.9734,0
4,-83.0488,37.9734,0
5,-83.0488,37.9734,1
6,-83.0488,37.9734,1
7,-83.0488,37.9734,2
0,-85.9358,37.8193,7
1,-85.9358,37.8193,7
2,-85.9358,37.8193,7
3,-85.9358,37.8193,9
4,-85.9358,37.8193,18
5,-85.9358,37.8193,31
6,-85.9358,37.8193,33
7,-85.9358,37.8193,41
0,-83.4045,36.8155,1
1,-83.4045,36.8155,1
2,-83.4045,36.8155,1
3,-83.4045,36.8155,1
4,-83.4045,36.8155,1
5,-83.4045,36.8155,1
6,-83.4045,36.8155,1
7,-83.4045,36.8155,1
0,-88.5692,36.5603,1
1,-88.5692,36.5603,1
2,-88.5692,36.5603,0
3,-88.5692,36.5603,2
4,-88.5692,36.5603,14
5,-88.5692,36.5603,3
6,-88.5692,36.5603,2
7,-88.5692,36.5603,3
0,-83.9691,37.9059,1
1,-83.9691,37.9059,2
2,-83.9691,37.9059,3
3,-83.9691,37.9059,7
4,-83.9691,37.9059,7
5,-83.9691,37.9059,4
6,-83.9691,37.9059,14
7,-83.9691,37.9059,12
0,-85.2196,37.8996,6
1,-85.2196,37.8996,6
2,-85.2196,37.8996,7
3,-85.2196,37.8996,12
4,-85.2196,37.8996,19
5,-85.2196,37.8996,20
6,-85.2196,37.8996,30
7,-85.2196,37.8996,49
0,-82.6735,37.9459,0
1,-82.6735,37.9459,0
2,-82.6735,37.9459,0
3,-82.6735,37.9459,4
4,-82.6735,37.9459,6
5,-82.6735,37.9459,8
6,-82.6735,37.9459,6
7,-82.6735,37.9459,0
0,-87.7342,37.4662,0
1,-87.7342,37.4662,0
2,-87.7342,37.4662,0
3,-87.7342,37.4662,0
4,-87.7342,37.4662,0
5,-87.7342,37.4662,0
6,-87.7342,37.4662,0
7,-87.7342,37.4662,0
0,-83.3907,36.954,0
1,-83.3907,36.954,0
2,-83.3907,36.954,0
3,-83.3907,36.954,0
4,-83.3907,36.954,0
5,-83.3907,36.954,0
6,-83.3907,36.954,0
7,-83.3907,36.954,0
0,-85.6187,36.9841,0
1,-85.6187,36.9841,0
2,-85.6187,36.9841,0
3,-85.6187,36.9841,0
4,-85.6187,36.9841,0
5,-85.6187,36.9841,0
6,-85.6187,36.9841,0
7,-85.6187,36.9841,0
0,-83.6341,38.2126,3
1,-83.6341,38.2126,3
2,-83.6341,38.2126,3
3,-83.6341,38.2126,3
4,-83.6341,38.2126,3
5,-83.6341,38.2126,3
6,-83.6341,38.2126,3
7,-83.6341,38.2126,3
0,-87.2425,37.01,0
1,-87.2425,37.01,0
2,-87.2425,37.01,0
3,-87.2425,37.01,0
4,-87.2425,37.01,0
5,-87.2425,37.01,0
6,-87.2425,37.01,0
7,-87.2425,37.01,0
0,-82.7493,37.1638,0
1,-82.7493,37.1638,0
2,-82.7493,37.1638,0
3,-82.7493,37.1638,0
4,-82.7493,37.1638,0
5,-82.7493,37.1638,0
6,-82.7493,37.1638,0
7,-82.7493,37.1638,0
0,-88.8827,37.0846,0
1,-88.8827,37.0846,0
2,-88.8827,37.0846,0
3,-88.8827,37.0846,0
4,-88.8827,37.0846,0
5,-88.8827,37.0846,0
6,-88.8827,37.0846,0
7,-88.8827,37.0846,0
0,-84.2366,38.5426,33
1,-84.2366,38.5426,15
2,-84.2366,38.5426,14
3,-84.2366,38.5426,13
4,-84.2366,38.5426,37
5,-84.2366,38.5426,83
6,-84.2366,38.5426,114
7,-84.2366,38.5426,60
0,-85.3689,37.4256,4
1,-85.3689,37.4256,5
2,-85.3689,37.4256,4
3,-85.3689,37.4256,3
4,-85.3689,37.4256,13
5,-85.3689,37.4256,13
6,-85.3689,37.4256,26
7,-85.3689,37.4256,15
0,-84.1908,38.0014,10
1,-84.1908,38.0014,10
2,-84.1908,38.0014,13
3,-84.1908,38.0014,26
4,-84.1908,38.0014,32
5,-84.1908,38.0014,30
6,-84.1908,38.0014,45
7,-84.1908,38.0014,41
0,-83.5166,37.8301,0
1,-83.5166,37.8301,0
2,-83.5166,37.8301,0
3,-83.5166,37.8301,0
4,-83.5166,37.8301,0
5,-83.5166,37.8301,0
6,-83.5166,37.8301,0
7,-83.5166,37.8301,0
0,-85.7353,37.5668,0
1,-85.7353,37.5668,0
2,-85.7353,37.5668,0
3,-85.7353,37.5668,0
4,-85.7353,37.5668,0
5,-85.7353,37.5668,0
6,-85.7353,37.5668,0
7,-85.7353,37.5668,0
0,-86.4371,36.9725,4
1,-86.4371,36.9725,4
2,-86.4371,36.9725,4
3,-86.4371,36.9725,4
4,-86.4371,36.9725,4
5,-86.4371,36.9725,4
6,-86.4371,36.9725,4
7,-86.4371,36.9725,4
0,-84.4094,37.6167,3
1,-84.4094,37.6167,2
2,-84.4094,37.6167,1
3,-84.4094,37.6167,0
4,-84.4094,37.6167,3
5,-84.4094,37.6167,3
6,-84.4094,37.6167,9
7,-84.4094,37.6167,10
0,-83.8774,36.5942,2
1,-83.8774,36.5942,3
2,-83.8774,36.5942,2
3,-83.8774,36.5942,0
4,-83.8774,36.5942,1
5,-83.8774,36.5942,1
6,-83.8774,36.5942,9
7,-83.8774,36.5942,13
0,-83.7598,36.8353,0
1,-83.7598,36.8353,0
2,-83.7598,36.8353,3
3,-83.7598,36.8353,1
4,-83.7598,36.8353,1
5,-83.7598,36.8353,0
6,-83.7598,36.8353,1
7,-83.7598,36.8353,0
0,-87.4875,37.12,0
1,-87.4875,37.12,1
2,-87.4875,37.12,1
3,-87.4875,37.12,2
4,-87.4875,37.12,4
5,-87.4875,37.12,1
6,-87.4875,37.12,3
7,-87.4875,37.12,2
0,-85.0681,38.6098,15
1,-85.0681,38.6098,13
2,-85.0681,38.6098,25
3,-85.0681,38.6098,50
4,-85.0681,38.6098,82
5,-85.0681,38.6098,62
6,-85.0681,38.6098,27
7,-85.0681,38.6098,14
0,-84.0666,38.6818,3
1,-84.0666,38.6818,4
2,-84.0666,38.6818,7
3,-84.0666,38.6818,9
4,-84.0666,38.6818,13
5,-84.0666,38.6818,20
6,-84.0666,38.6818,13
7,-84.0666,38.6818,9
0,-84.5966,38.7326,12
1,-84.5966,38.7326,8
2,-84.5966,38.7326,8
3,-84.5966,38.7326,12
4,-84.5966,38.7326,34
5,-84.5966,38.7326,44
6,-84.5966,38.7326,62
7,-84.5966,38.7326,46
0,-83.9735,37.5751,0
1,-83.9735,37.5751,0
2,-83.9735,37.5751,0
3,-83.9735,37.5751,0
4,-83.9735,37.5751,0
5,-83.9735,37.5751,0
6,-83.9735,37.5751,0
7,-83.9735,37.5751,0
0,-84.9875,37.4551,0
1,-84.9875,37.4551,0
2,-84.9875,37.4551,0
3,-84.9875,37.4551,0
4,-84.9875,37.4551,0
5,-84.9875,37.4551,0
6,-84.9875,37.4551,0
7,-84.9875,37.4551,0
0,-87.3542,37.8512,7
1,-87.3542,37.8512,7
2,-87.3542,37.8512,7
3,-87.3542,37.8512,7
4,-87.3542,37.8512,7
5,-87.3542,37.8512,7
6,-87.3542,37.8512,7
7,-87.3542,37.8512,7
0,-84.4815,39.0401,145
1,-84.4815,39.0401,148
2,-84.4815,39.0401,290
3,-84.4815,39.0401,507
4,-84.4815,39.0401,406
5,-84.4815,39.0401,449
6,-84.4815,39.0401,286
7,-84.4815,39.0401,256
0,-82.7816,38.3354,17
1,-82.7816,38.3354,24
2,-82.7816,38.3354,33
3,-82.7816,38.3354,44
4,-82.7816,38.3354,73
5,-82.7816,38.3354,52
6,-82.7816,38.3354,81
7,-82.7816,38.3354,75
0,-88.8869,36.9081,0
1,-88.8869,36.9081,0
2,-88.8869,36.9081,0
3,-88.8869,36.9081,0
4,-88.8869,36.9081,0
5,-88.8869,36.9081,0
6,-88.8869,36.9081,0
7,-88.8869,36.9081,0
0,-85.3197,37.1803,0
1,-85.3197,37.1803,0
2,-85.3197,37.1803,0
3,-85.3197,37.1803,0
4,-85.3197,37.1803,0
5,-85.3197,37.1803,0
6,-85.3197,37.1803,0
7,-85.3197,37.1803,0
0,-85.7672,37.2903,1
1,-85.7672,37.2903,1
2,-85.7672,37.2903,1
3,-85.7672,37.2903,1
4,-85.7672,37.2903,1
5,-85.7672,37.2903,1
6,-85.7672,37.2903,1
7,-85.7672,37.2903,1
0,-85.2625,37.5156,2
1,-85.2625,37.5156,0
2,-85.2625,37.5156,3
3,-85.2625,37.5156,6
4,-85.2625,37.5156,8
5,-85.2625,37.5156,7
6,-85.2625,37.5156,12
7,-85.2625,37.5156,9
0,-87.709,36.9551,0
1,-87.709,36.9551,0
2,-87.709,36.9551,0
3,-87.709,36.9551,0
4,-87.709,36.9551,0
5,-87.709,36.9551,0
6,-87.709,36.9551,0
7,-87.709,36.9551,0
0,-88.4656,36.867,1
1,-88.4656,36.867,0
2,-88.4656,36.867,0
3,-88.4656,36.867,0
4,-88.4656,36.867,5
5,-88.4656,36.867,2
6,-88.4656,36.867,1
7,-88.4656,36.867,2
0,-88.0769,37.0759,0
1,-88.0769,37.0759,0
2,-88.0769,37.0759,0
3,-88.0769,37.0759,0
4,-88.0769,37.0759,0
5,-88.0769,37.0759,0
6,-88.0769,37.0759,0
7,-88.0769,37.0759,0
0,-85.0701,37.7355,0
1,-85.0701,37.7355,0
2,-85.0701,37.7355,0
3,-85.0701,37.7355,0
4,-85.0701,37.7355,0
5,-85.0701,37.7355,0
6,-85.0701,37.7355,0
7,-85.0701,37.7355,0
0,-84.9769,38.6134,2
1,-84.9769,38.6134,1
2,-84.9769,38.6134,1
3,-84.9769,38.6134,4
4,-84.9769,38.6134,9
5,-84.9769,38.6134,8
6,-84.9769,38.6134,9
7,-84.9769,38.6134,13
0,-82.9371,38.3318,10
1,-82.9371,38.3318,11
2,-82.9371,38.3318,9
3,-82.9371,38.3318,12
4,-82.9371,38.3318,28
5,-82.9371,38.3318,9
6,-82.9371,38.3318,51
7,-82.9371,38.3318,53
0,-84.5255,38.1059,98
1,-84.5255,38.1059,102
2,-84.5255,38.1059,110
3,-84.5255,38.1059,166
4,-84.5255,38.1059,269
5,-84.5255,38.1059,354
6,-84.5255,38.1059,404
7,-84.5255,38.1059,503
0,-83.4596,37.9554,0
1,-83.4596,37.9554,0
2,-83.4596,37.9554,0
3,-83.4596,37.9554,0
4,-83.4596,37.9554,0
5,-83.4596,37.9554,0
6,-83.4596,37.9554,0
7,-83.4596,37.9554,0
0,-84.1101,38.1425,2
1,-84.1101,38.1425,2
2,-84.1101,38.1425,1
3,-84.1101,38.1425,4
4,-84.1101,38.1425,3
5,-84.1101,38.1425,5
6,-84.1101,38.1425,11
7,-84.1101,38.1425,12
0,-85.3036,38.4623,6
1,-85.3036,38.4623,3
2,-85.3036,38.4623,2
3,-85.3036,38.4623,4
4,-85.3036,38.4623,8
5,-85.3036,38.4623,22
6,-85.3036,38.4623,21
7,-85.3036,38.4623,13
0,-84.2928,37.724000000000004,56
1,-84.2928,37.724000000000004,39
2,-84.2928,37.724000000000004,37
3,-84.2928,37.724000000000004,63
4,-84.2928,37.724000000000004,67
5,-84.2928,37.724000000000004,120
6,-84.2928,37.724000000000004,179
7,-84.2928,37.724000000000004,216
0,-89.102,36.7596,0
1,-89.102,36.7596,0
2,-89.102,36.7596,0
3,-89.102,36.7596,0
4,-89.102,36.7596,0
5,-89.102,36.7596,0
6,-89.102,36.7596,0
7,-89.102,36.7596,0
0,-86.9805,37.7892,6
1,-86.9805,37.7892,6
2,-86.9805,37.7892,6
3,-86.9805,37.7892,6
4,-86.9805,37.7892,6
5,-86.9805,37.7892,6
6,-86.9805,37.7892,6
7,-86.9805,37.7892,6
0,-82.8382,37.8806,0
1,-82.8382,37.8806,0
2,-82.8382,37.8806,0
3,-82.8382,37.8806,0
4,-82.8382,37.8806,0
5,-82.8382,37.8806,0
6,-82.8382,37.8806,0
7,-82.8382,37.8806,0
0,-83.1516,37.7015,0
1,-83.1516,37.7015,0
2,-83.1516,37.7015,0
3,-83.1516,37.7015,0
4,-83.1516,37.7015,0
5,-83.1516,37.7015,0
6,-83.1516,37.7015,0
7,-83.1516,37.7015,0
0,-83.9685,37.6969,3
1,-83.9685,37.6969,1
2,-83.9685,37.6969,1
3,-83.9685,37.6969,2
4,-83.9685,37.6969,1
5,-83.9685,37.6969,0
6,-83.9685,37.6969,17
7,-83.9685,37.6969,21
0,-84.7903,37.5855,14
1,-84.7903,37.5855,8
2,-84.7903,37.5855,7
3,-84.7903,37.5855,12
4,-84.7903,37.5855,26
5,-84.7903,37.5855,21
6,-84.7903,37.5855,50
7,-84.7903,37.5855,58
0,-86.7419,36.95,0
1,-86.7419,36.95,0
2,-86.7419,36.95,0
3,-86.7419,36.95,0
4,-86.7419,36.95,0
5,-86.7419,36.95,0
6,-86.7419,36.95,0
7,-86.7419,36.95,0
0,-84.8239,38.7252,6
1,-84.8239,38.7252,3
2,-84.8239,38.7252,2
3,-84.8239,38.7252,11
4,-84.8239,38.7252,28
5,-84.8239,38.7252,17
6,-84.8239,38.7252,11
7,-84.8239,38.7252,5
0,-83.2524,38.354,1
1,-83.2524,38.354,1
2,-83.2524,38.354,1
3,-83.2524,38.354,1
4,-83.2524,38.354,2
5,-83.2524,38.354,2
6,-83.2524,38.354,6
7,-83.2524,38.354,7
0,-84.6545,37.8787,34
1,-84.6545,37.8787,18
2,-84.6545,37.8787,15
3,-84.6545,37.8787,34
4,-84.6545,37.8787,52
5,-84.6545,37.8787,55
6,-84.6545,37.8787,109
7,-84.6545,37.8787,90
0,-88.0604,37.2085,0
1,-88.0604,37.2085,0
2,-88.0604,37.2085,0
3,-88.0604,37.2085,0
4,-88.0604,37.2085,0
5,-88.0604,37.2085,0
6,-88.0604,37.2085,0
7,-88.0604,37.2085,0
0,-83.8866,38.302,1
1,-83.8866,38.302,1
2,-83.8866,38.302,0
3,-83.8866,38.302,1
4,-83.8866,38.302,4
5,-83.8866,38.302,3
6,-83.8866,38.302,6
7,-83.8866,38.302,6
0,-84.4144,37.4027,12
1,-84.4144,37.4027,4
2,-84.4144,37.4027,2
3,-84.4144,37.4027,1
4,-84.4144,37.4027,13
5,-84.4144,37.4027,12
6,-84.4144,37.4027,37
7,-84.4144,37.4027,11
0,-84.9097,37.6965,4
1,-84.9097,37.6965,0
2,-84.9097,37.6965,4
3,-84.9097,37.6965,17
4,-84.9097,37.6965,26
5,-84.9097,37.6965,21
6,-84.9097,37.6965,25
7,-84.9097,37.6965,18
0,-84.7563,37.972,6
1,-84.7563,37.972,3
2,-84.7563,37.972,2
3,-84.7563,37.972,4
4,-84.7563,37.972,5
5,-84.7563,37.972,19
6,-84.7563,37.972,18
7,-84.7563,37.972,13
0,-87.1342,37.4919,0
1,-87.1342,37.4919,0
2,-87.1342,37.4919,0
3,-87.1342,37.4919,0
4,-87.1342,37.4919,0
5,-87.1342,37.4919,0
6,-87.1342,37.4919,0
7,-87.1342,37.4919,0
0,-85.9264,37.0048,2
1,-85.9264,37.0048,2
2,-85.9264,37.0048,2
3,-85.9264,37.0048,2
4,-85.9264,37.0048,2
5,-85.9264,37.0048,2
6,-85.9264,37.0048,2
7,-85.9264,37.0048,2
0,-86.7561,37.8962,0
1,-86.7561,37.8962,0
2,-86.7561,37.8962,0
3,-86.7561,37.8962,0
4,-86.7561,37.8962,0
5,-86.7561,37.8962,0
6,-86.7561,37.8962,0
7,-86.7561,37.8962,0
0,-88.1411,37.2198,0
1,-88.1411,37.2198,0
2,-88.1411,37.2198,0
3,-88.1411,37.2198,0
4,-88.1411,37.2198,0
5,-88.1411,37.2198,0
6,-88.1411,37.2198,0
7,-88.1411,37.2198,0
0,-84.8955,38.3228,36
1,-84.8955,38.3228,25
2,-84.8955,38.3228,5
3,-84.8955,38.3228,26
4,-84.8955,38.3228,53
5,-84.8955,38.3228,59
6,-84.8955,38.3228,159
7,-84.8955,38.3228,92
0,-84.4395,36.6648,2
1,-84.4395,36.6648,1
2,-84.4395,36.6648,8
3,-84.4395,36.6648,0
4,-84.4395,36.6648,4
5,-84.4395,36.6648,4
6,-84.4395,36.6648,0
7,-84.4395,36.6648,2
0,-82.6911,38.4949,7
1,-82.6911,38.4949,2
2,-82.6911,38.4949,7
3,-82.6911,38.4949,10
4,-82.6911,38.4949,4
5,-82.6911,38.4949,16
6,-82.6911,38.4949,30
7,-82.6911,38.4949,11
0,-88.9353,36.5767,1
1,-88.9353,36.5767,1
2,-88.9353,36.5767,1
3,-88.9353,36.5767,1
4,-88.9353,36.5767,1
5,-88.9353,36.5767,1
6,-88.9353,36.5767,1
7,-88.9353,36.5767,1
0,-84.161,37.0037,0
1,-84.161,37.0037,6
2,-84.161,37.0037,4
3,-84.161,37.0037,1
4,-84.161,37.0037,1
5,-84.161,37.0037,3
6,-84.161,37.0037,3
7,-84.161,37.0037,16
0,-84.7579,37.453,1
1,-84.7579,37.453,1
2,-84.7579,37.453,2
3,-84.7579,37.453,2
4,-84.7579,37.453,4
5,-84.7579,37.453,6
6,-84.7579,37.453,7
7,-84.7579,37.453,7
0,-83.7635,37.1464,0
1,-83.7635,37.1464,0
2,-83.7635,37.1464,0
3,-83.7635,37.1464,0
4,-83.7635,37.1464,0
5,-83.7635,37.1464,0
6,-83.7635,37.1464,0
7,-83.7635,37.1464,0
0,-85.1511,38.0562,4
1,-85.1511,38.0562,2
2,-85.1511,38.0562,3
3,-85.1511,38.0562,3
4,-85.1511,38.0562,4
5,-85.1511,38.0562,3
6,-85.1511,38.0562,11
7,-85.1511,38.0562,2
0,-88.3589,37.2456,0
1,-88.3589,37.2456,0
2,-88.3589,37.2456,0
3,-88.3589,37.2456,0
4,-88.3589,37.2456,0
5,-88.3589,37.2456,0
6,-88.3589,37.2456,0
7,-88.3589,37.2456,0
0,-84.8506,36.8404,3
1,-84.8506,36.8404,3
2,-84.8506,36.8404,3
3,-84.8506,36.8404,3
4,-84.8506,36.8404,3
5,-84.8506,36.8404,3
6,-84.8506,36.8404,3
7,-84.8506,36.8404,3
0,-85.7146,38.0645,11
1,-85.7146,38.0645,12
2,-85.7146,38.0645,14
3,-85.7146,38.0645,49
4,-85.7146,38.0645,34
5,-85.7146,38.0645,69
6,-85.7146,38.0645,54
7,-85.7146,38.0645,45
0,-83.8925,37.997,12
1,-83.8925,37.997,8
2,-83.8925,37.997,3
3,-83.8925,37.997,23
4,-83.8925,37.997,25
5,-83.8925,37.997,28
6,-83.8925,37.997,73
7,-83.8925,37.997,67
0,-88.61200000000001,36.9728,9
1,-88.61200000000001,36.9728,9
2,-88.61200000000001,36.9728,9
3,-88.61200000000001,36.9728,9
4,-88.61200000000001,36.9728,9
5,-88.61200000000001,36.9728,9
6,-88.61200000000001,36.9728,9
7,-88.61200000000001,36.9728,9
0,-85.0683,36.995,0
1,-85.0683,36.995,0
2,-85.0683,36.995,0
3,-85.0683,36.995,0
4,-85.0683,36.995,0
5,-85.0683,36.995,0
6,-85.0683,36.995,0
7,-85.0683,36.995,0
0,-86.7347,36.7509,0
1,-86.7347,36.7509,0
2,-86.7347,36.7509,0
3,-86.7347,36.7509,0
4,-86.7347,36.7509,0
5,-86.7347,36.7509,0
6,-86.7347,36.7509,0
7,-86.7347,36.7509,0
0,-85.0744,38.137,15
1,-85.0744,38.137,9
2,-85.0744,38.137,4
3,-85.0744,38.137,13
4,-85.0744,38.137,25
5,-85.0744,38.137,56
6,-85.0744,38.137,55
7,-85.0744,38.137,47
0,-86.8921,37.2093,0
1,-86.8921,37.2093,0
2,-86.8921,37.2093,0
3,-86.8921,37.2093,0
4,-86.8921,37.2093,0
5,-86.8921,37.2093,0
6,-86.8921,37.2093,0
7,-86.8921,37.2093,0
0,-83.9191,38.7054,22
1,-83.9191,38.7054,24
2,-83.9191,38.7054,45
3,-83.9191,38.7054,34
4,-83.9191,38.7054,19
5,-83.9191,38.7054,36
6,-83.9191,38.7054,32
7,-83.9191,38.7054,13
0,-86.226,37.4937,2
1,-86.226,37.4937,2
2,-86.226,37.4937,2
3,-86.226,37.4937,2
4,-86.226,37.4937,2
5,-86.226,37.4937,2
6,-86.226,37.4937,2
7,-86.226,37.4937,2
0,-83.0188,38.1879,0
1,-83.0188,38.1879,0
2,-83.0188,38.1879,0
3,-83.0188,38.1879,0
4,-83.0188,38.1879,0
5,-83.0188,38.1879,0
6,-83.0188,38.1879,0
7,-83.0188,38.1879,0
0,-84.935,38.089,4
1,-84.935,38.089,4
2,-84.935,38.089,6
3,-84.935,38.089,10
4,-84.935,38.089,15
5,-84.935,38.089,13
6,-84.935,38.089,23
7,-84.935,38.089,18
0,-86.2847,37.2895,0
1,-86.2847,37.2895,0
2,-86.2847,37.2895,0
3,-86.2847,37.2895,0
4,-86.2847,37.2895,0
5,-86.2847,37.2895,0
6,-86.2847,37.2895,0
7,-86.2847,37.2895,0
0,-86.2961,36.7956,0
1,-86.2961,36.7956,0
2,-86.2961,36.7956,0
3,-86.2961,36.7956,0
4,-86.2961,36.7956,0
5,-86.2961,36.7956,0
6,-86.2961,36.7956,0
7,-86.2961,36.7956,0
0,-85.3174,38.5955,4
1,-85.3174,38.5955,2
2,-85.3174,38.5955,2
3,-85.3174,38.5955,2
4,-85.3174,38.5955,2
5,-85.3174,38.5955,10
6,-85.3174,38.5955,2
7,-85.3174,38.5955,5
0,-83.0941,37.4957,0
1,-83.0941,37.4957,0
2,-83.0941,37.4957,0
3,-83.0941,37.4957,0
4,-83.0941,37.4957,0
5,-83.0941,37.4957,0
6,-83.0941,37.4957,0
7,-83.0941,37.4957,0
0,-84.0358,38.5317,0
1,-84.0358,38.5317,0
2,-84.0358,38.5317,0
3,-84.0358,38.5317,0
4,-84.0358,38.5317,0
5,-84.0358,38.5317,0
6,-84.0358,38.5317,0
7,-84.0358,38.5317,0
0,-82.4223,37.8416,9
1,-82.4223,37.8416,5
2,-82.4223,37.8416,13
3,-82.4223,37.8416,5
4,-82.4223,37.8416,1
5,-82.4223,37.8416,3
6,-82.4223,37.8416,0
7,-82.4223,37.8416,5
0,-83.6085,37.6023,1
1,-83.6085,37.6023,1
2,-83.6085,37.6023,1
3,-83.6085,37.6023,1
4,-83.6085,37.6023,1
5,-83.6085,37.6023,1
6,-83.6085,37.6023,1
7,-83.6085,37.6023,1
0,-83.6802,37.4743,0
1,-83.6802,37.4743,0
2,-83.6802,37.4743,0
3,-83.6802,37.4743,0
4,-83.6802,37.4743,0
5,-83.6802,37.4743,0
6,-83.6802,37.4743,0
7,-83.6802,37.4743,0
0,-85.5053,36.8319,1
1,-85.5053,36.8319,1
2,-85.5053,36.8319,1
3,-85.5053,36.8319,1
4,-85.5053,36.8319,1
5,-85.5053,36.8319,1
6,-85.5053,36.8319,1
7,-85.5053,36.8319,1
